Date,Class,OAS,WARF,ER_M,Trl_12M_ER
6/30/1997,HY,234.1911945,2511.954598,0.058435829,1.125060191
7/31/1997,HY,238.945036,2545.137267,0.625331102,-7.875161704
8/29/1997,HY,238.4924431,2546.640588,0.57078973,-11.06299358
9/30/1997,HY,229.2480582,2566.289024,-1.3898877,-11.50577005
10/31/1997,HY,234.5784302,2547.356658,0.64446713,-7.850148182
11/26/1997,HY,263.375609,2503.627587,-0.13628485,-8.089183221
12/31/1997,HY,265.8063789,2554.540801,0.101383261,-7.205486771
1/30/1998,HY,45.66608272,2697.001533,0.85451394,-6.215253527
2/27/1998,HY,264.6923085,2651.566843,0.660252006,-6.483976763
3/31/1998,HY,260.0761072,2638.640819,-0.041091062,-4.814730509
4/30/1998,HY,266.5585915,2607.91977,-0.478068788,-4.460834568
5/29/1998,HY,295.9205598,2727.928164,-0.504019168,-4.193682348
6/30/1998,HY,325.2860718,2817.303221,0.23543071,-3.829129237
7/31/1998,HY,324.5907001,2863.398463,-8.330414452,3.68310319
8/31/1998,HY,505.7076246,2755.543875,-2.909300709,4.989194322
9/30/1998,HY,566.6401223,2749.739348,-1.880822118,6.273306863
10/30/1998,HY,604.4017553,2726.915346,4.802005027,2.74898544
11/30/1998,HY,521.0335203,2781.537266,-0.395329511,4.993785156
12/31/1998,HY,529.5959382,2761.276706,1.063829686,3.788847268
1/29/1999,HY,518.3966453,2817.777201,1.930757449,1.138915664
2/26/1999,HY,478.6605931,2822.130069,0.371828252,-3.28426996
3/31/1999,HY,470.0719309,2785.197795,1.743159684,-4.425864302
4/30/1999,HY,443.667936,2835.817509,-0.10804927,-5.750813555
5/28/1999,HY,457.6820492,2849.313248,-0.225802669,-5.398744346
6/30/1999,HY,464.9957683,2847.282576,0.616837062,-6.003442665
7/30/1999,HY,455.9036071,2833.814507,-1.169792659,-5.608824273
8/31/1999,HY,482.3456504,2838.096857,-1.686253776,-5.613438185
9/30/1999,HY,515.4210804,2797.560454,-0.680736075,-8.809126598
10/29/1999,HY,525.9319335,2758.002078,1.326476106,-15.42510276
11/30/1999,HY,500.0044917,2750.45883,1.780775051,-17.09585695
12/31/1999,HY,464.519659,2735.698032,-0.096006939,-11.82031766
1/31/2000,HY,476.9250954,2766.666947,-0.671733499,-14.11386881
2/29/2000,HY,497.2126721,2815.129981,-4.017809751,-12.55455735
3/31/2000,HY,579.2277731,2791.934647,0.542223545,-13.4762612
4/28/2000,HY,569.7532585,2794.878315,-1.492856619,-10.89943149
5/31/2000,HY,606.1588362,2809.274295,0.146905299,-13.98753416
6/30/2000,HY,600.6688683,2876.03612,-0.026313304,-14.7343064
7/31/2000,HY,591.7926476,2744.188914,-0.754881532,-13.99486535
8/31/2000,HY,607.5943941,2739.498995,-1.691059426,-19.98626974
9/29/2000,HY,634.6274271,2680.408445,-4.043433209,-16.30220273
10/31/2000,HY,718.4952357,2666.628489,-6.024846737,-6.291903933
11/30/2000,HY,818.9745794,2620.90407,-0.229876591,-5.698283268
12/29/2000,HY,831.0024406,2634.547338,6.261304299,-10.8181066
1/31/2001,HY,718.8519134,2657.19904,-3.255259018,-10.00602932
2/28/2001,HY,721.8575192,2655.006303,-2.275198608,-3.805435128
3/30/2001,HY,721.8575192,2655.006303,-0.517524706,-3.984787345
4/30/2001,HY,684.9039407,2621.449478,1.440860037,-6.574386309
5/31/2001,HY,665.5771953,2577.831828,-3.324048146,-9.343295014
6/29/2001,HY,700.2470132,2513.147063,-0.894298812,-14.69170737
7/31/2001,HY,709.1157618,2493.90085,0.105791864,-14.3478703
8/31/2001,HY,715.5148501,2521.654824,-8.539587946,-9.966500231
9/28/2001,HY,899.5536888,2538.110356,0.374688784,-10.56776209
10/31/2001,HY,869.2029431,2501.661111,5.214629029,-8.656741536
11/30/2001,HY,761.937371,2623.923625,0.402145716,-9.933777259
12/31/2001,HY,737.5481311,2723.445687,0.492171729,-6.982164433
1/31/2002,HY,700.9033213,2687.943455,-2.374315552,-5.067811956
2/28/2002,HY,725.5003523,2656.871636,4.458050648,-6.33053411
3/28/2002,HY,630.8870237,2626.806927,-0.703007145,-0.291815213
4/30/2002,HY,625.9984731,2672.760887,-1.295072518,-0.388860451
5/31/2002,HY,629.7013318,2697.036676,-6.189288994,9.628716649
6/28/2002,HY,768.2665749,2686.352658,-6.741170883,20.31497344
7/31/2002,HY,886.4065751,2643.175788,0.509270602,20.617662
8/30/2002,HY,911.8081675,2542.74618,-3.861106363,25.29244696
9/30/2002,HY,998.7214923,2596.500088,-0.295633615,29.88229954
10/31/2002,HY,999.6488567,2638.986635,7.462893446,22.6693551
11/27/2002,HY,853.7236378,2722.854579,-1.001538901,25.66115075
12/31/2002,HY,857.3367706,2678.782578,3.785459422,22.54929004
1/31/2003,HY,780.3603499,2734.679083,-0.365131295,21.27843685
2/28/2003,HY,799.4510251,2809.734981,3.068622073,17.37999571
3/31/2003,HY,724.7978312,2817.332364,5.69850931,13.53703671
4/30/2003,HY,612.6793693,2867.326565,-1.391141293,13.63823067
5/30/2003,HY,660.3929699,2899.499243,3.244957362,11.21340693
6/30/2003,HY,588.5149488,2891.602997,2.349401609,9.141510197
7/31/2003,HY,525.9040136,2876.602319,0.762131951,8.284140177
8/29/2003,HY,510.453213,2818.709052,-0.135046294,9.832081739
9/30/2003,HY,517.105953,3065.531285,3.356847876,7.427337756
10/31/2003,HY,445.1653169,3006.228331,1.494998803,8.42140678
11/26/2003,HY,415.4745853,3007.540141,1.412944853,7.6779973
12/31/2003,HY,391.8337039,3017.626873,1.21532624,5.805422496
1/30/2004,HY,372.7177019,3031.332606,-1.398358747,9.715441786
2/27/2004,HY,405.8449161,3037.325557,-0.244472714,7.147707594
3/31/2004,HY,410.194514,3041.926654,2.237996003,2.055915118
4/30/2004,HY,364.188688,3051.799142,-1.303252613,4.120362068
5/28/2004,HY,400.4772963,3116.276525,1.041906312,4.323970925
6/30/2004,HY,383.415057,3052.157609,0.442640575,6.587066179
7/30/2004,HY,387.8560761,3117.467074,-0.029413181,5.287813548
8/31/2004,HY,389.4856767,3059.993291,1.29254146,4.105646626
9/30/2004,HY,364.4778404,3028.910134,1.093877402,3.061248661
10/29/2004,HY,346.6862209,3074.743559,2.434173472,0.630142789
11/30/2004,HY,299.2871451,3114.477706,0.717590062,-0.116920687
12/31/2004,HY,286.3200284,3002.479446,-0.544859447,2.084268984
1/31/2005,HY,302.349908,2971.555472,2.245446175,0.452111068
2/28/2005,HY,255.6975134,2961.242614,-2.579109243,4.473806706
3/31/2005,HY,327.3640954,2943.618474,-2.620480865,8.111418294
4/29/2005,HY,386.8519477,2910.727656,0.69324312,7.35491767
5/31/2005,HY,369.4286917,2925.837272,1.239495205,5.416684728
6/30/2005,HY,354.2119686,2459.991621,2.621538302,2.45888909
7/29/2005,HY,307.7155059,2720.563808,-1.248013641,4.005727294
8/31/2005,HY,343.1026795,2754.031684,0.155233276,4.427522316
9/30/2005,HY,332.6348631,2683.732449,0.079693799,5.2524243
10/31/2005,HY,342.3846067,2709.985557,0.01785964,5.994484586
11/30/2005,HY,345.0226045,2710.071194,-0.03012261,7.876972063
12/30/2005,HY,339.7945933,2797.060645,1.646899454,7.39571876
1/31/2006,HY,323.2748494,2661.038621,0.610711303,6.54187469
2/28/2006,HY,319.5480583,2717.200321,1.321228612,5.15286664
3/31/2006,HY,294.8538729,2702.792542,0.770118927,5.180035795
4/28/2006,HY,290.1504973,2735.780164,-0.011349443,6.842688605
5/31/2006,HY,296.4516588,2728.667308,-0.588327207,5.518044096
6/30/2006,HY,317.5860633,2703.806411,-0.257830738,0.45121062
7/31/2006,HY,328.7715196,2669.625824,0.24286086,-0.103792215
8/31/2006,HY,330.507416,2673.064299,0.561412628,1.287144783
9/29/2006,HY,325.8621476,2687.929986,0.870251079,0.257274937
10/31/2006,HY,311.6175556,2664.464115,0.723014718,-5.692108772
11/30/2006,HY,302.7221078,2726.173446,1.745366398,-7.261034778
12/29/2006,HY,272.5808673,2753.967712,1.193439321,-12.10214094
1/31/2007,HY,256.4673335,2760.549352,-0.189188919,-14.34875781
2/28/2007,HY,263.7571628,2763.491161,0.000283186,-15.135348
3/30/2007,HY,271.0576736,2728.598339,0.796155677,-10.73156118
4/30/2007,HY,260.9569434,2742.883946,1.569239587,-10.85567315
5/31/2007,HY,235.3450699,2788.990201,-1.820841366,-12.54673797
6/29/2007,HY,285.7377186,2769.070634,-5.047314532,-9.614427967
7/31/2007,HY,409.6555444,2788.815452,-0.310990823,-10.00204181
8/31/2007,HY,431.690616,2800.067921,1.961611819,-19.22211498
9/28/2007,HY,401.8092733,2743.706394,-0.155379866,-32.40596151
10/31/2007,HY,415.0515669,2767.829508,-5.254006532,-38.24861334
11/30/2007,HY,547.5265287,2800.603128,0.052708984,-34.78373072
12/31/2007,HY,563.4188783,2853.153766,-4.089002443,-26.96986655
1/31/2008,HY,659.254267,2852.185033,-2.740293738,-26.61939495
2/29/2008,HY,736.1585097,2890.187376,-0.918083433,-24.75883055
3/31/2008,HY,771.3670594,2840.785705,6.026658271,-19.95650546
4/30/2008,HY,642.4317005,2870.86609,1.428025532,-15.52412817
5/30/2008,HY,621.2071134,2940.721888,-3.683296637,-9.572769326
6/30/2008,HY,695.756466,2853.900353,-1.863548682,-2.573496908
7/31/2008,HY,754.0923809,2915.758905,-0.738501979,-0.818039645
8/29/2008,HY,787.5378834,2942.298036,-8.484108726,13.84168562
9/30/2008,HY,1009.760711,2925.929802,-16.45112898,38.44765418
10/31/2008,HY,1449.820562,2953.136842,-13.44360231,59.35918279
11/26/2008,HY,1801.705926,3053.517908,5.666686434,58.89131976
12/31/2008,HY,1638.002743,3262.906794,7.402539707,47.85486326
1/30/2009,HY,1442.144253,3033.189116,-2.273544425,50.86191998
2/27/2009,HY,1513.918767,3116.488272,1.594137428,54.12419257
3/31/2009,HY,1464.358803,3223.478759,12.7938907,38.71171756
4/30/2009,HY,1192.338696,3279.142303,7.044562876,23.32218491
5/29/2009,HY,1057.770168,3300.375581,3.102253513,19.26459484
6/30/2009,HY,934.6745498,3250.20149,5.732434871,15.91952409
7/31/2009,HY,825.0577543,3334.969455,1.050018723,13.12986457
8/31/2009,HY,837.2865218,3373.086518,5.042522719,10.66076264
9/30/2009,HY,743.436981,3372.076095,1.607290323,11.47505773
10/30/2009,HY,729.2543526,3464.829626,-0.369877097,11.28111189
11/30/2009,HY,727.9995145,3407.244488,5.356459334,9.102517084
12/31/2009,HY,611.5948972,3340.885561,-0.057549732,11.2967042
1/29/2010,HY,628.729822,3371.87621,-0.285994009,13.19222169
2/26/2010,HY,651.5606688,3336.448757,3.791032241,9.492290557
3/31/2010,HY,570.7309981,3285.54506,1.51446082,8.398125806
4/30/2010,HY,541.149368,3027.139856,-4.831620507,13.02708546
5/28/2010,HY,674.8095744,3036.74432,-0.290053233,12.45809038
6/30/2010,HY,696.2991954,3033.274973,2.766907036,8.918748238
7/30/2010,HY,639.569819,3008.661219,-1.381798944,3.856143155
8/31/2010,HY,678.2680181,2953.845311,2.74993007,-2.834787478
9/30/2010,HY,620.6324221,2950.669549,2.354965618,0.80356369
10/29/2010,HY,569.4562302,2931.843455,-0.543214961,-1.25778739
11/30/2010,HY,604.3490347,2932.882933,3.29385382,-2.486357123
12/31/2010,HY,521.2832102,2939.060926,1.95241706,-1.910238967
1/31/2011,HY,486.3465643,2907.949731,1.412256124,-0.560981974
2/28/2011,HY,459.2682431,2913.04832,0.398399199,-0.531196408
3/31/2011,HY,462.8621102,2908.298579,0.500019125,-1.05278458
4/29/2011,HY,454.9557685,2900.196324,-0.767614918,-2.509739384
5/31/2011,HY,487.157411,2855.894237,-0.792007868,0.427337814
6/30/2011,HY,519.7648211,2856.988948,-0.467428914,2.136080807
7/29/2011,HY,533.9996922,2848.448666,-5.965628762,9.878368441
8/31/2011,HY,704.7683809,2839.90722,-3.8697328,15.97115406
9/30/2011,HY,797.0581228,2794.301844,6.18764708,10.32273293
10/31/2011,HY,661.1751047,2794.383564,-2.577025511,13.61801835
11/30/2011,HY,729.4738806,2804.1802,2.008651687,13.38317115
12/30/2011,HY,693.3848573,2765.702187,2.554759837,12.59813051
1/31/2012,HY,638.0197267,2779.427373,2.807215132,9.563391324
2/29/2012,HY,574.1347295,2770.449938,0.428472134,10.0498897
3/30/2012,HY,577.0352103,2769.63537,-0.026976469,11.35986721
4/30/2012,HY,576.3744879,2744.612762,-2.228768722,14.56941325
5/31/2012,HY,648.1715859,2703.710456,2.196819218,10.19494878
6/29/2012,HY,612.1688796,2763.0124,1.226089873,10.86450578
7/31/2012,HY,592.2124742,2770.418069,1.162519723,9.457861563
8/31/2012,HY,575.1869812,2810.253492,1.460716839,8.064846679
9/28/2012,HY,548.927345,2803.778717,1.015735549,9.134133069
10/31/2012,HY,536.9100487,2819.029318,0.332950503,9.54657602
11/30/2012,HY,543.1942811,2850.286925,1.797800927,9.102490544
12/31/2012,HY,504.8105926,2814.973006,1.844692782,6.713091122
1/31/2013,HY,473.9935201,2821.523745,0.036360206,8.538183658
2/28/2013,HY,469.2080511,2825.636614,0.874408392,8.230972708
3/28/2013,HY,454.3455404,2810.372322,1.163051189,7.233093573
4/30/2013,HY,426.9780994,2829.502329,0.589133956,6.754076479
5/31/2013,HY,438.496481,2837.847551,-1.70523755,9.655639887
6/28/2013,HY,488.1207759,2803.177328,1.841151072,6.478520312
7/31/2013,HY,443.980941,2800.365788,-0.121026104,7.418486554
8/30/2013,HY,448.437358,2785.123396,0.169477575,5.468511132
9/30/2013,HY,458.5241067,2793.880475,2.015271981,3.720613176
10/31/2013,HY,411.2305154,2764.115371,0.712131764,1.579596424
11/27/2013,HY,401.1245931,2760.914492,1.38512783,-1.098682555
12/31/2013,HY,391.9074146,2739.433512,-0.385757218,-1.980820867
1/31/2014,HY,399.7173471,2753.732914,1.747261955,-0.357191982
2/28/2014,HY,361.7270917,2761.464978,0.588889307,-2.0179017
3/31/2014,HY,354.8652841,2746.06236,0.230337609,-0.929285889
4/30/2014,HY,337.1140872,2776.774442,0.139795855,-0.776898216
5/30/2014,HY,349.9727511,2722.728172,0.966402685,-2.68686942
6/30/2014,HY,335.7450988,2713.441446,-1.109554565,-2.694129195
7/31/2014,HY,384.6343974,2705.153486,0.760680962,-5.140046994
8/29/2014,HY,361.0710394,2704.904334,-1.648906071,-6.868274413
9/30/2014,HY,423.0734954,2706.160209,0.32460352,-4.318839814
10/31/2014,HY,412.3588505,2648.940808,-1.366783454,-4.81463601
11/26/2014,HY,445.2076439,2635.436145,-1.288023731,-5.877499579
12/31/2014,HY,480.541305,2613.58893,-1.274254381,-7.856675931
1/30/2015,HY,505.2595083,2604.096867,3.432644295,-10.98300788
2/27/2015,HY,427.0205039,2578.28293,-1.087588396,-6.4252079
3/31/2015,HY,460.8719186,2575.172725,1.343932154,-4.172820447
4/30/2015,HY,436.0156292,2583.940988,0.293827959,-3.762626135
5/29/2015,HY,428.4691131,2568.133229,-0.97712577,-3.377306324
6/30/2015,HY,467.1765439,2560.615396,-1.116932011,0.232775821
7/31/2015,HY,509.204801,2596.340767,-1.772078274,4.585877901
8/31/2015,HY,543.7469672,2594.817773,-3.440737628,8.909945059
6/30/1997,FA,98.43438851,1351.702971,-0.090523771,1.02241314
7/31/1997,FA,108.4176826,1133.40809,0.343662129,-4.799652361
8/29/1997,FA,99.11014817,1102.027493,0.106530071,-5.212332641
9/30/1997,FA,113.4760658,1097.996259,-1.105226986,-6.80002881
10/31/1997,FA,110.3447616,1119.201237,-0.049076333,-4.357494746
11/26/1997,FA,133.8650871,1110.444963,0.414922739,-4.813608484
12/31/1997,FA,128.4611607,1290.819238,-0.467673542,-3.35601435
1/30/1998,FA,107.2378245,1415.455178,0.549473621,-2.860399704
2/27/1998,FA,135.5675733,1415.455044,0.797259673,-3.263538988
3/31/1998,FA,164.6244329,1225.877373,0.725576431,-3.019584302
4/30/1998,FA,169.6750879,1089.394103,0.009124777,-2.85711175
5/29/1998,FA,187.934931,1195.719809,-0.253179417,-2.868574564
6/30/1998,FA,207.5928355,1318.686282,-0.037791273,-1.867160392
7/31/1998,FA,202.0690881,1260.925262,-5.439285984,2.644817206
8/31/1998,FA,298.8966401,1306.389388,-0.327417829,2.0579078
9/30/1998,FA,311.5978234,1336.417034,-2.761717294,5.489832209
10/30/1998,FA,369.5812676,1362.88706,2.570383015,4.192373638
11/30/1998,FA,345.99678,1346.789139,-0.063950389,6.249222895
12/31/1998,FA,345.550759,1355.010617,1.056470118,5.043335819
1/29/1999,FA,329.4077673,1405.699703,1.065116591,3.414279753
2/26/1999,FA,315.7011784,1389.401637,0.378940729,-0.79130229
3/31/1999,FA,331.4569574,1529.056996,0.97959106,-0.642508995
4/30/1999,FA,324.3290639,1597.54084,0.176671365,-0.058124531
5/28/1999,FA,324.1791519,1582.499897,-0.264949494,0.886683965
6/30/1999,FA,337.7496059,1745.296126,0.99280796,-0.47993801
7/30/1999,FA,320.0497004,1744.02216,-1.09154852,0.621919549
8/31/1999,FA,348.4260263,1727.764392,-0.89733239,2.908670878
9/30/1999,FA,369.1059161,1765.794434,0.508136489,-1.540780156
10/29/1999,FA,367.0214041,1803.954261,1.308831832,-4.050700057
11/30/1999,FA,387.5645977,1770.092938,1.908875282,-10.03315186
12/31/1999,FA,359.5512051,1916.84667,-0.090481248,0.008671708
1/31/2000,FA,371.7160186,1986.059542,-0.502243584,0.112851882
2/29/2000,FA,460.252388,1910.872342,-3.703202198,3.530861067
3/31/2000,FA,542.8815329,1911.131914,1.131040343,3.597242611
4/28/2000,FA,517.6232748,1890.741579,0.765873948,7.254275648
5/31/2000,FA,516.9850509,1894.549157,0.677903767,7.139842701
6/30/2000,FA,512.194951,1975.296692,-0.375251583,8.036793204
7/31/2000,FA,515.8505983,1980.694159,0.003537463,10.17156929
8/31/2000,FA,513.6376717,2023.429969,1.354892154,3.047546864
9/29/2000,FA,584.0735258,1880.531126,-3.8375229,7.92153858
10/31/2000,FA,613.7588976,2352.014078,-1.273730305,14.63496384
11/30/2000,FA,657.5179128,2226.441042,-4.44515685,22.26682643
12/29/2000,FA,826.4613604,2419.751791,11.06111271,11.47460629
1/31/2001,FA,676.9989003,2490.533759,-0.398595636,10.9249228
2/28/2001,FA,636.3565466,2681.026085,-0.415479062,16.17490675
3/30/2001,FA,636.3565466,2681.026085,1.195883178,14.39047347
4/30/2001,FA,549.0098262,2668.813733,4.322958295,9.790345312
5/31/2001,FA,570.6896589,2279.550415,0.570487357,3.826766453
6/29/2001,FA,561.6056695,2098.138237,0.458784252,-6.938820278
7/31/2001,FA,535.4842329,1932.689507,1.97957872,-6.894188553
8/31/2001,FA,507.3786231,1966.849732,-5.199017623,-6.779605499
9/28/2001,FA,649.9998841,1950.284024,0.710815523,-5.684551544
10/31/2001,FA,649.1942903,1913.90052,4.867689113,-2.718540345
11/30/2001,FA,549.2759601,1939.34508,1.916440073,-4.4404295
12/31/2001,FA,544.9376467,2217.333646,1.257995929,0.728938126
1/31/2002,FA,514.3794468,1980.0017,-0.889732128,0.932502752
2/28/2002,FA,534.5891202,1867.484671,4.297773136,0.244626557
3/28/2002,FA,453.4833158,2016.185734,-0.358474008,7.425440543
4/30/2002,FA,454.9724453,1978.746954,0.127687801,6.057850795
5/31/2002,FA,508.5581668,2031.807338,-4.892288359,15.40005675
6/28/2002,FA,816.0269751,3717.450339,-9.957583238,30.12505677
7/31/2002,FA,846.0897099,3738.224127,2.028487669,28.20607968
8/30/2002,FA,899.1705417,2068.55778,-5.082348363,35.66231227
9/30/2002,FA,999.0694286,2515.760075,1.893858969,38.38960175
10/31/2002,FA,971.7328285,2616.381191,8.165544825,30.40893464
11/27/2002,FA,833.7202224,2820.547699,0.112511416,32.22981908
12/31/2002,FA,834.0211795,2640.45006,6.735624211,25.35502889
1/31/2003,FA,704.125493,2518.115495,-0.689438697,24.16143595
2/28/2003,FA,722.4266997,2752.274399,3.586961917,19.68427678
3/31/2003,FA,651.9425675,2822.524191,6.779138132,13.88936642
4/30/2003,FA,533.9048347,2880.102442,-1.146997214,13.66209692
5/30/2003,FA,559.9531021,2782.347198,3.485364247,11.04964996
6/30/2003,FA,495.3099572,2751.639915,1.531792297,10.09490424
7/31/2003,FA,463.8383273,2670.954793,0.523855621,9.390494461
8/29/2003,FA,455.1352085,2614.297133,0.437889754,10.48734551
9/30/2003,FA,444.7553494,2800.487617,3.942283798,7.937330819
10/31/2003,FA,379.3591536,2562.673956,1.927842034,8.53106974
11/26/2003,FA,343.5803386,2550.753014,1.510370496,7.694426676
12/31/2003,FA,320.6776479,2513.634785,1.186308432,5.758623231
1/30/2004,FA,298.1336224,2408.523552,-1.635044038,10.14874497
2/27/2004,FA,328.4381669,2463.508519,-0.148298661,7.028965925
3/31/2004,FA,328.0020317,2505.617136,1.609072767,2.938689997
4/30/2004,FA,304.3549374,2552.508904,-1.344261214,5.026185044
5/28/2004,FA,332.5173484,2522.458438,1.10682265,5.267431651
6/30/2004,FA,315.0240366,2469.607137,0.658876049,7.345357147
7/30/2004,FA,327.8769505,2734.469355,-0.119316627,5.255201044
8/31/2004,FA,333.4527936,2605.000331,1.444973649,3.724830489
9/30/2004,FA,312.7520285,2542.759005,1.543327158,2.856363476
10/29/2004,FA,294.5918079,2566.338806,2.488524112,-0.728551309
11/30/2004,FA,249.4163114,2527.66298,0.727848518,-1.876573333
12/31/2004,FA,239.1148581,2494.396378,-0.632511822,1.675583477
1/31/2005,FA,250.3135263,2477.353854,2.448160892,-1.331836315
2/28/2005,FA,214.8379824,2485.812988,-2.976431162,3.970616275
3/31/2005,FA,275.5473866,2474.286737,-2.274073639,7.272414269
4/29/2005,FA,321.2716538,2459.278658,0.656379808,6.872720186
5/31/2005,FA,308.8719906,2468.93879,1.339066427,5.562197018
6/30/2005,FA,328.9269554,1631.15888,2.645831004,2.98702927
7/29/2005,FA,283.2166582,2066.105266,-2.064125657,5.974734358
8/31/2005,FA,323.1687069,2155.38163,-0.02999765,6.71126567
9/30/2005,FA,327.2177595,2148.844251,0.69312543,6.809704862
10/31/2005,FA,317.130443,2092.168462,-1.083570145,9.182108467
11/30/2005,FA,343.571495,2030.575645,-0.437016003,11.5655869
12/30/2005,FA,364.9930134,2116.061719,2.964681139,9.586717114
1/31/2006,FA,335.9008242,2034.741746,-0.582110646,9.48845119
2/28/2006,FA,353.037784,2088.479048,2.237640476,6.815285262
3/31/2006,FA,313.5028225,2130.409607,0.82941155,6.503786841
4/28/2006,FA,307.2189318,2079.340067,0.281336889,8.053790933
5/31/2006,FA,308.5205497,2021.662204,0.096399503,6.310097048
6/30/2006,FA,310.1439762,2049.402439,0.141807396,0.384973093
7/31/2006,FA,309.1407973,2024.985971,0.777042907,-1.310076311
8/31/2006,FA,297.5401567,2025.539631,0.664800383,0.566675105
9/29/2006,FA,292.6674814,2150.524937,0.786012998,-0.773548516
10/31/2006,FA,280.6377338,2133.188295,1.113511993,-6.946494378
11/30/2006,FA,261.6559591,2176.663095,1.736474035,-9.205090462
12/29/2006,FA,233.5025493,2143.473393,1.138368007,-12.29060933
1/31/2007,FA,219.5229154,2156.155615,-0.671258227,-14.98514576
2/28/2007,FA,235.1772219,2142.792845,-0.258496552,-16.4464165
3/30/2007,FA,246.0097096,2092.728762,0.535369341,-11.90033608
4/30/2007,FA,244.3727604,2168.639983,1.740782483,-12.52574478
5/31/2007,FA,216.7514239,2175.338164,-1.518883757,-16.27481713
6/29/2007,FA,255.4704461,2171.624677,-5.439530956,-14.04401442
7/31/2007,FA,383.2462765,2178.662297,-0.924626788,-13.72732323
8/31/2007,FA,422.7333015,2193.000212,2.579107332,-25.43335035
9/28/2007,FA,396.1562519,2079.913247,-0.557133677,-33.474909
10/31/2007,FA,420.1798558,2075.576033,-5.176829202,-41.70175776
11/30/2007,FA,547.4706857,2109.145638,-0.732875189,-32.98403887
12/31/2007,FA,593.407554,2127.084338,-2.298656652,-27.60418616
1/31/2008,FA,651.7223511,2238.046588,-3.722754891,-27.16777332
2/29/2008,FA,769.5961373,2469.360409,-1.972895079,-21.28351752
3/31/2008,FA,836.0952526,2446.992333,6.005414493,-15.12005849
4/30/2008,FA,701.8832705,2623.128514,1.018537154,-8.666980771
5/30/2008,FA,684.9646896,2865.328129,-5.739700823,-0.775518629
6/30/2008,FA,776.5437451,2542.494017,-2.920029146,6.769454874
7/31/2008,FA,856.6334858,2646.678425,-0.559599287,9.708398089
8/29/2008,FA,903.0417801,2763.847001,-11.33948031,30.93058201
9/30/2008,FA,1235.687363,2950.139128,-11.28144067,49.97940434
10/31/2008,FA,1606.192987,3234.337753,-16.90316995,80.71115737
11/26/2008,FA,2168.686985,4027.999483,14.11118967,67.36828964
12/31/2008,FA,1699.284611,4294.971785,5.54453217,59.34249975
1/30/2009,FA,1530.219321,3731.179811,-3.142381195,64.49372115
2/27/2009,FA,1736.12671,3782.958073,5.946903425,63.26838177
3/31/2009,FA,1649.427928,3786.40875,14.3055825,44.90883473
4/30/2009,FA,1299.676997,3582.466896,8.698566849,26.2615003
5/29/2009,FA,1113.485743,3271.179674,2.404687579,22.74329213
6/30/2009,FA,1029.3811,3184.10379,4.461876989,21.09020822
7/31/2009,FA,970.2320943,3317.095284,2.177603889,16.88013563
8/31/2009,FA,913.0135994,3452.452562,5.811165291,13.93103396
9/30/2009,FA,825.7844652,3380.244171,1.626040905,15.14722648
10/30/2009,FA,794.1524286,3369.401081,0.123909668,14.07791217
11/30/2009,FA,717.2055784,3338.384543,5.68575246,10.92110001
12/31/2009,FA,596.7342453,2910.371138,0.483368908,12.81120277
1/29/2010,FA,603.0142686,2749.971918,-0.01116988,14.6866625
2/26/2010,FA,627.2258356,2707.241823,5.157688421,9.746665235
3/31/2010,FA,513.6245059,2589.536712,1.451907489,8.84221897
4/30/2010,FA,486.8346387,2542.591164,-5.289113964,14.81194609
5/28/2010,FA,621.0025489,2529.448869,-0.448763456,14.45422394
6/30/2010,FA,642.8499481,2544.731358,3.055003791,10.02016815
7/30/2010,FA,577.0995621,2459.540508,-1.374913994,4.021939942
8/31/2010,FA,607.3777117,2371.873641,3.14135419,-3.891274649
9/30/2010,FA,553.0930579,2386.413825,2.710879919,-2.937630689
10/29/2010,FA,525.1984979,2396.487762,-0.805890659,-4.640353261
11/30/2010,FA,553.0866145,2417.954476,2.761171687,-5.949994582
12/31/2010,FA,492.0840523,2362.774664,2.195612047,-4.43862828
1/31/2011,FA,452.4945863,2348.117809,1.65112092,-2.776067935
2/28/2011,FA,426.9313839,2323.379446,0.628140853,-2.260000634
3/31/2011,FA,415.7137497,2285.070402,0.615820136,-3.089452886
4/29/2011,FA,409.5398366,2310.593128,-0.094455581,-4.946455589
5/31/2011,FA,421.5800348,2294.460835,-0.758937472,-2.355267172
6/30/2011,FA,467.3539041,2336.036726,-0.937436337,-0.03297855
7/29/2011,FA,486.8757693,2315.510515,-6.751889716,9.556691163
8/31/2011,FA,668.6867696,2349.719179,-4.704871994,17.21819586
9/30/2011,FA,766.6757059,2294.270873,3.730034111,15.90003584
10/31/2011,FA,630.9399844,2309.710189,-2.546009412,18.98718
11/30/2011,FA,687.8591672,2406.105998,1.349880001,19.57142284
12/30/2011,FA,687.3195471,2348.822471,3.83787675,18.30872119
1/31/2012,FA,606.9677355,2298.995226,3.419629677,14.56807937
2/29/2012,FA,525.631055,2378.957892,1.162277787,14.53796891
3/30/2012,FA,540.75565,2390.451764,-0.238037231,15.91825023
4/30/2012,FA,526.8266778,2285.146434,-2.008848509,20.54882446
5/31/2012,FA,557.9971682,2065.200732,1.946403958,15.71877713
6/29/2012,FA,533.9804057,2149.727154,1.418572612,15.78706463
7/31/2012,FA,520.1741283,2169.209337,2.193246051,13.21078428
8/31/2012,FA,486.5404496,2174.630757,1.959294864,11.50619055
9/28/2012,FA,460.7796888,2160.046486,2.563553242,10.98371041
10/31/2012,FA,439.7740648,2116.197537,0.049800984,12.15383535
11/30/2012,FA,461.4598189,2187.024429,1.847521359,11.83099965
12/31/2012,FA,441.3346788,2096.30143,2.741324955,8.063584724
1/31/2013,FA,402.3588268,2105.255729,0.149745694,10.20762491
2/28/2013,FA,400.1233376,2117.08484,1.135690601,9.702020134
3/28/2013,FA,386.9883006,2083.286593,0.964180472,9.457963326
4/30/2013,FA,383.8917087,2072.274626,1.905593786,7.921594948
5/31/2013,FA,372.2409115,2144.331608,-2.138297481,11.65803654
6/28/2013,FA,419.7530896,2049.270746,1.478421329,9.266017059
7/31/2013,FA,392.4112715,2041.576447,-0.080569699,9.748293603
8/30/2013,FA,394.9815021,2011.283625,0.424112715,8.413882744
9/30/2013,FA,393.3403934,1967.93548,2.082975267,6.626903983
10/31/2013,FA,361.6934608,1947.29237,1.104647384,4.28815631
11/27/2013,FA,350.2619464,1950.562186,1.554352466,1.408725722
12/31/2013,FA,326.7309558,1891.510974,-0.71987277,1.607895249
1/31/2014,FA,345.9685082,1957.545961,2.136771019,2.924084684
2/28/2014,FA,317.2941912,1919.112256,0.67170557,1.371051276
3/31/2014,FA,305.4223243,1898.639182,0.739562952,2.085034916
4/30/2014,FA,296.1040851,1925.024475,0.475231599,2.022012873
5/30/2014,FA,293.4091132,1855.389421,1.249852366,0.152320012
6/30/2014,FA,278.9866078,1844.19266,-0.695523046,-0.85571536
7/31/2014,FA,299.9269422,1837.071891,0.360453035,-2.468266011
8/29/2014,FA,295.6214426,1814.321909,-0.796927013,-5.033812984
9/30/2014,FA,331.5865224,1810.052867,0.40034843,-2.8094984
10/31/2014,FA,320.1667623,1736.891162,-1.112975466,-3.288233414
11/26/2014,FA,341.7465021,1693.225863,-1.249596891,-5.000224794
12/31/2014,FA,369.0120579,1668.451577,-0.524883869,-8.35180167
1/30/2015,FA,383.935144,1674.763851,3.459811306,-10.5903925
2/27/2015,FA,329.7815698,1699.653178,-0.847341429,-4.410684878
3/31/2015,FA,352.7613253,1715.58639,1.44909885,-0.436866456
4/30/2015,FA,352.1639065,1672.362541,0.413203365,-0.874908375
5/29/2015,FA,348.8344172,1680.555206,-0.605689598,0.337580194
6/30/2015,FA,370.5360525,1688.809204,-1.695024859,4.714187596
7/31/2015,FA,409.1685613,1685.927413,-1.271878213,9.302444943
8/31/2015,FA,444.4210166,1690.301529,-3.406438125,14.39986958
