US HY,US HY OAS,US HY OAD,US HY WARF,US HY Ratio of MV,US HY M Total Return,US HY M Excess Return,US HY Tr Series Total Return,US HY Tr Series Excess Return,US HY Trl 12M TR,US HY Trl 12M ER,HY DIFF,Fallen OAS,Fallen OAD,Fallen WARF,Fallen Ratio of MV,Fallen M Total Return,Fallen M Excess Return,Fallen Tr Series Total Return,Fallen Tr Series Excess Return,Fallen Trl 12M TR,Fallen Trl 12M ER,Diff,Warf Diff,HY OAS,OAS Diff,TR Diff,ER Diff
6/30/1997,234.1911945,4.384321616,2511.954598,1,2.739341936,0.058435829,1.027393419,1.000584358,8.785036168,1.125060191,-0.090523771,98.43438851,5.700342102,1351.702971,0.028114289,3.368725534,-0.090523771,1.033687255,0.999094762,9.386258395,1.02241314,-0.1489596,1160.251627,-91.09487727,-135.756806,0.601222227,-0.102647051
7/31/1997,238.945036,4.275868411,2545.137267,1,-0.243404847,0.625331102,1.024892694,1.006841323,2.915846747,-7.875161704,0.343662129,108.4176826,5.787260424,1133.40809,0.030604669,-1.073797657,0.343662129,1.022587546,1.002528273,7.955306888,-4.799652361,-0.281668973,1411.729177,-85.64566417,-130.5273534,5.039460141,3.075509343
8/29/1997,238.4924431,4.34236916,2546.640588,1,1.990784531,0.57078973,1.045296099,1.01258827,1.393197702,-11.06299358,0.106530071,99.11014817,5.644548827,1102.027493,0.030345317,1.802861397,0.106530071,1.041023382,1.003596267,9.359670159,-5.212332641,-0.464259659,1444.613095,-267.2151815,-139.3822949,7.966472457,5.850660935
9/30/1997,229.2480582,4.188208814,2566.289024,1,0.160086308,-1.3898877,1.046969475,0.998514431,-0.840358665,-11.50577005,-1.105226986,113.4760658,5.803076472,1097.996259,0.029817324,0.845726306,-1.105226986,1.049827591,0.99250425,4.956543036,-6.80002881,0.284660714,1468.292765,-337.3920642,-115.7719924,5.796901701,4.705741236
10/31/1997,234.5784302,4.14510246,2547.356658,1,0.93120357,0.64446713,1.056718892,1.004949528,2.448351001,-7.850148182,-0.049076333,110.3447616,5.647029651,1119.201237,0.028369882,0.423884912,-0.049076333,1.054277651,0.992017165,6.887748499,-4.357494746,-0.693543463,1428.155421,-369.8233251,-124.2336686,4.439397498,3.492653435
11/26/1997,263.375609,4.227359288,2503.627587,1,0.847047328,-0.13628485,1.065669801,1.003579934,1.565383103,-8.089183221,0.414922739,133.8650871,5.380330896,1110.444963,0.029399713,1.522103246,0.414922739,1.070324846,0.99613327,5.536876197,-4.813608484,0.55120759,1393.182625,-257.6579113,-129.5105218,3.971493094,3.275574737
12/31/1997,265.8063789,4.215957838,2554.540801,1,1.66633376,0.101383261,1.083427417,1.004597396,1.446679955,-7.205486771,-0.467673542,128.4611607,5.361212111,1290.819238,0.029215575,1.205932582,-0.467673542,1.083232242,0.991474618,5.91271082,-3.35601435,-0.569056803,1263.721563,-263.7895593,-137.3452182,4.466030866,3.849472421
1/30/1998,45.66608272,4.3838634,2697.001533,1,0.569367326,0.85451394,1.089596099,1.013181821,0.295745414,-6.215253527,0.549473621,107.2378245,5.445270854,1415.455178,0.024303862,0.172563136,0.549473621,1.085101501,0.99692251,3.701790821,-2.860399704,-0.305040319,1281.546355,-472.7305626,61.57174177,3.406045407,3.354853823
2/27/1998,264.6923085,4.370913385,2651.566843,1,0.900555787,0.660252006,1.09940852,1.019871374,0.342218865,-6.483976763,0.797259673,135.5675733,5.344002325,1415.455044,0.023954224,1.020518363,0.797259673,1.096175161,1.004870571,3.520529373,-3.263538988,0.137007667,1236.111799,-213.9682846,-129.1247352,3.178310507,3.220437775
3/31/1998,260.0761072,4.479221751,2638.640819,1,0.413134555,-0.041091062,1.103950556,1.019452298,1.975426345,-4.814730509,0.725576431,164.6244329,5.829069385,1225.877373,0.036735359,1.174430855,0.725576431,1.109048981,1.012161675,3.574737496,-3.019584302,0.766667493,1412.763446,-209.9958237,-95.45167432,1.599311151,1.795146207
4/30/1998,266.5585915,4.559471519,2607.91977,1,0.384883977,-0.478068788,1.108199485,1.014578615,0.210975682,-4.460834568,0.009124777,169.6750879,5.749478581,1089.394103,0.043310332,0.909126249,0.009124777,1.119131636,1.012254032,1.495038393,-2.85711175,0.487193565,1518.525667,-177.1093445,-96.88350364,1.284062712,1.603722818
5/29/1998,295.9205598,4.571112705,2727.928164,1,0.33024575,-0.504019168,1.111859267,1.009464944,-0.352214639,-4.193682348,-0.253179417,187.934931,5.798297775,1195.719809,0.03918371,0.925918603,-0.253179417,1.129493884,1.009691214,0.087451023,-2.868574564,0.250839751,1532.208356,-161.7614894,-107.9856289,0.439665662,1.325107784
6/30/1998,325.2860718,4.545459988,2817.303221,1,0.520842565,0.23543071,1.117650303,1.011841535,-0.468802622,-3.829129237,-0.037791273,207.5928355,5.855227001,1318.686282,0.040585216,0.107829545,-0.037791273,1.130711812,1.009309638,0.728356938,-1.867160392,-0.273221982,1498.616939,-139.7096964,-117.6932364,1.19715956,1.961968845
7/31/1998,324.5907001,4.540532982,2863.398463,1,-5.625490229,-8.330414452,1.054776994,0.927550941,4.274188922,3.68310319,-5.439285984,202.0690881,5.748964365,1260.925262,0.040971491,-2.36791449,-5.439285984,1.103937523,0.954410401,1.99788992,2.644817206,2.891128467,1602.473202,-131.312907,-122.521612,-2.276299002,-1.038285983
8/31/1998,505.7076246,4.791014709,2755.543875,1,0.481821864,-2.909300709,1.05985914,0.900565695,2.982413433,4.989194322,-0.327417829,298.8966401,5.597616361,1306.389388,0.048887928,3.127189061,-0.327417829,1.138459737,0.951285491,-1.141853272,2.0579078,2.58188288,1449.154486,23.36197413,-206.8109845,-4.124266705,-2.931286522
9/30/1998,566.6401223,4.786633502,2749.739348,1,-2.046306267,-1.880822118,1.038171176,0.883627656,4.469648269,6.273306863,-2.761717294,311.5978234,5.615224448,1336.417034,0.051031644,-3.214605553,-2.761717294,1.101862747,0.925013675,2.710313365,5.489832209,-0.880895176,1413.322314,51.21904196,-255.042299,-1.759334904,-0.783474654
10/30/1998,604.4017553,4.810990228,2726.915346,1,4.27866853,4.802005027,1.08259108,0.926059501,1.416213077,2.74898544,2.570383015,369.5812676,5.50001389,1362.88706,0.052061768,2.271689247,2.570383015,1.126893644,0.948790069,1.522329322,4.192373638,-2.231622011,1364.028286,78.46982182,-234.8204877,0.106116245,1.443388197
11/30/1998,521.0335203,4.671008016,2781.537266,1,-0.022119473,-0.395329511,1.082351616,0.922398514,2.555324761,4.993785156,-0.063950389,345.99678,5.613360022,1346.789139,0.05122226,0.239043221,-0.063950389,1.129587407,0.948183314,2.381332042,6.249222895,0.331379122,1434.748127,21.02902864,-175.0367403,-0.173992718,1.25543774
12/31/1998,529.5959382,4.676558092,2761.276706,1,1.547512627,1.063829686,1.099101144,0.932211263,0.563431812,3.788847268,1.056470118,345.550759,5.694552792,1355.010617,0.056892387,1.566343984,1.056470118,1.147280632,0.958200588,0.610829395,5.043335819,-0.007359568,1406.266089,65.07627914,-184.0451792,0.047397583,1.254488551
1/29/1999,518.3966453,4.646166274,2817.777201,1,-0.571613912,1.930757449,1.092818529,0.950210002,1.393830395,1.138915664,1.065116591,329.4077673,5.689278247,1405.699703,0.056001035,-1.918531705,1.065116591,1.125269689,0.968406541,3.379560473,3.414279753,-0.865640858,1412.077498,41.47154995,-188.988878,1.985730077,2.275364089
2/26/1999,478.6605931,4.644811895,2822.130069,1,0.947309486,0.371828252,1.103170903,0.953743151,-1.551530775,-3.28426996,0.378940729,315.7011784,5.44141,1389.401637,0.056305918,0.843943538,0.378940729,1.13476633,0.972076228,1.10634403,-0.79130229,0.007112477,1432.728432,-18.55207896,-162.9594147,2.657874805,2.492967671
3/31/1999,470.0719309,4.744629585,2785.197795,1,2.047496285,1.743159684,1.125758286,0.970368417,-3.388857628,-4.425864302,0.97959106,331.4569574,5.479679915,1529.056996,0.061177585,1.227410453,0.97959106,1.14869457,0.9815986,0.542053284,-0.642508995,-0.763568624,1256.140799,-109.1558422,-138.6149735,3.930910912,3.783355308
4/30/1999,443.667936,4.69469118,2835.817509,1,-1.352046002,-0.10804927,1.110537516,0.969319941,-3.105741167,-5.750813555,0.176671365,324.3290639,5.470195531,1597.54084,0.060613994,-1.11704948,0.176671365,1.135863084,0.983332804,2.778702397,-0.058124531,0.284720635,1238.276669,-126.0853224,-119.3388722,5.884443564,5.692689024
5/28/1999,457.6820492,4.773130375,2849.313248,1,-0.233614873,-0.225802669,1.107943135,0.967131191,-0.906374058,-5.398744346,-0.264949494,324.1791519,5.470076199,1582.499897,0.059257023,-0.47377591,-0.264949494,1.130481638,0.980727468,5.968952748,0.886683965,-0.039146824,1266.813351,-148.4767869,-133.5028973,6.875326806,6.285428311
6/30/1999,464.9957683,4.802688135,2847.282576,1,0.403233105,0.616837062,1.112410729,0.973096815,-0.71952675,-6.003442665,0.99280796,337.7496059,5.692559213,1745.296126,0.056754399,0.748865953,0.99280796,1.13894743,0.990464209,5.573802167,-0.47993801,0.375970898,1101.98645,-135.6731001,-127.2461623,6.293328918,5.523504654
7/30/1999,455.9036071,4.776097571,2833.814507,1,-1.128231946,-1.169792659,1.099860156,0.961713599,1.088480092,-5.608824273,-1.09154852,320.0497004,5.720850841,1744.02216,0.056607405,-1.137405462,-1.09154852,1.12599298,0.979652811,8.458148452,0.621919549,0.078244139,1089.792347,-135.8890404,-135.8539068,7.369668361,6.230743821
8/31/1999,482.3456504,4.79722595,2838.096857,1,-0.762972806,-1.686253776,1.091468522,0.945496668,0.921976011,-5.613438185,-0.89733239,348.4260263,5.641444318,1727.764392,0.058181841,-0.047316706,-0.89733239,1.125460197,0.970862069,10.54763925,2.908670878,0.788921386,1110.332465,-125.2487437,-133.9196242,9.625663237,8.522109062
9/30/1999,515.4210804,4.81943439,2797.560454,1,-0.631694386,-0.680736075,1.084573776,0.939060331,-1.70414606,-8.809126598,0.508136489,369.1059161,5.633099914,1765.794434,0.05574729,0.556792959,0.508136489,1.13172668,0.975795374,6.678820078,-1.540780156,1.188872564,1031.766019,-119.2063467,-146.3151642,8.382966138,7.268346442
10/29/1999,525.9319335,4.77530813,2758.002078,1,1.230815288,1.326476106,1.097922876,0.951516742,-6.789750105,-15.42510276,1.308831832,367.0214041,5.617313646,1803.954261,0.055640506,1.088778487,1.308831832,1.144048677,0.988566894,6.389349635,-4.050700057,-0.017644274,954.0478169,-192.5633022,-158.9105294,13.17909974,11.37440271
11/30/1999,500.0044917,4.736303984,2750.45883,1,1.100836792,1.780775051,1.110009215,0.968461114,-6.130929433,-17.09585695,1.908875282,387.5645977,5.736524446,1770.092938,0.056675004,1.087187776,1.908875282,1.156486634,1.007437403,2.764955718,-10.03315186,0.128100231,980.365892,-318.9700878,-112.4398939,8.895885151,7.062705086
12/31/1999,464.519659,4.695482631,2735.698032,1,-0.424805971,-0.096006939,1.10529383,0.967531324,1.273716137,-11.82031766,-0.090481248,359.5512051,5.78529645,1916.84667,0.054078616,-0.190064898,-0.090481248,1.154288559,1.006525861,15.50107649,0.008671708,0.005525692,818.8513617,-366.4827815,-104.968454,14.22736035,11.82898937
1/31/2000,476.9250954,4.676880951,2766.666947,1,0.249412075,-0.671733499,1.108050566,0.961032092,-1.551277968,-14.11386881,-0.502243584,371.7160186,5.764512271,1986.059542,0.054771336,0.78059334,-0.502243584,1.163298859,1.00147065,14.9035125,0.112851882,0.169489915,780.6074042,-241.926818,-105.2090768,16.45479046,14.22672069
2/29/2000,497.2126721,4.643347931,2815.129981,1,-1.985080823,-4.017809751,1.086054867,0.922419651,-1.144172155,-12.55455735,-3.703202198,460.252388,5.562935962,1910.872342,0.057763422,-1.373517143,-3.703202198,1.147320749,0.964384167,16.80898008,3.530861067,0.314607554,904.2576397,-224.6448471,-36.96028404,17.95315223,16.08541841
3/31/2000,579.2277731,4.645161971,2791.934647,1,0.143001408,0.542223545,1.087607941,0.927421228,-2.649774893,-13.4762612,1.131040343,542.8815329,5.481367088,1911.131914,0.058546877,0.662444016,1.131040343,1.154921107,0.975291741,16.46306439,3.597242611,0.588816797,880.8027337,-142.6297461,-36.34624021,19.11283928,17.07350381
4/28/2000,569.7532585,4.59067208,2794.878315,1,-1.062960717,-1.492856619,1.076047095,0.913576159,0.129549359,-10.89943149,0.765873948,517.6232748,5.374081068,1890.741579,0.060663779,1.082691388,0.765873948,1.167425338,0.982761246,20.56549364,7.254275648,2.258730567,904.1367355,-115.1506822,-52.12998371,20.43594428,18.15370714
5/31/2000,606.1588362,4.584656984,2809.274295,1,2.030945574,0.146905299,1.097901026,0.91491825,-4.729700875,-13.98753416,0.677903767,516.9850509,5.383106097,1894.549157,0.06117784,2.615517532,0.677903767,1.197959553,0.989423421,18.66881861,7.139842701,0.530998468,914.7251378,-59.41835917,-89.17378522,23.39851949,21.12737686
6/30/2000,600.6688683,4.538945572,2876.03612,1,0.592549759,-0.026313304,1.104406636,0.914677505,-3.955529338,-14.7343064,-0.375251583,512.194951,5.342534165,1975.296692,0.063211392,0.3731807,-0.375251583,1.202430107,0.985710594,21.21718455,8.036793204,-0.348938279,900.7394274,-99.57814488,-88.47391731,25.17271389,22.7710996
7/31/2000,591.7926476,4.655545717,2744.188914,1,0.672331924,-0.754881532,1.111831915,0.907772774,-3.44179724,-13.99486535,0.003537463,515.8505983,5.401921224,1980.694159,0.071538097,1.56358618,0.003537463,1.221231138,0.985745464,22.98402318,10.17156929,0.758418995,763.4947549,-117.3231142,-75.94204927,26.42582042,24.16643465
8/31/2000,607.5943941,4.588723778,2739.498995,1,-0.926427336,-1.691059426,1.1015316,0.892421797,-8.806164001,-19.98626974,1.354892154,513.6376717,5.341281737,2023.429969,0.073884606,1.878312808,1.354892154,1.244169678,0.999101251,16.69495484,3.047546864,3.04595158,716.0690256,-107.9204559,-93.95672243,25.50111884,23.0338166
9/29/2000,634.6274271,4.56941148,2680.408445,1,-3.217387917,-4.043433209,1.066091055,0.856337317,-3.46293878,-16.30220273,-3.8375229,584.0735258,5.080004864,1880.531126,0.08317311,-2.96237806,-3.8375229,1.207312669,0.960760512,23.71527146,7.92153858,0.205910309,799.8773195,-264.9262617,-50.55390135,27.17821024,24.22374131
10/31/2000,718.4952357,4.57174472,2666.628489,1,-4.006636986,-6.024846737,1.023376657,0.804744306,4.050428631,-6.291903933,-1.273730305,613.7588976,4.976293378,2352.014078,0.084292767,0.814476489,-1.273730305,1.217145947,0.948523014,26.44374719,14.63496384,4.751116432,314.6144109,-150.7077074,-104.7363381,22.39331856,20.92686777
11/30/2000,818.9745794,4.541075867,2620.90407,1,1.815429031,-0.229876591,1.041955334,0.802894388,1.774485166,-5.698283268,-4.44515685,657.5179128,5.124398161,2226.441042,0.087578948,-2.356576001,-4.44515685,1.188462977,0.906359679,30.94528669,22.26682643,-4.215280259,394.4630277,57.03720843,-161.4566666,29.17080153,27.9651097
12/29/2000,831.0024406,4.532881427,2634.547338,1,7.429954015,6.261304299,1.119372136,0.853166048,-4.306058046,-10.8181066,11.06111271,826.4613604,5.020441042,2419.751791,0.084122915,12.17982695,11.06111271,1.333215711,1.006613144,18.8501644,11.47460629,4.799808413,214.7955475,93.45430947,-4.541080132,23.15622244,22.29271289
1/31/2001,718.8519134,4.493027721,2657.19904,1,-2.547009435,-3.255259018,1.090861622,0.825393284,-3.208795593,-10.00602932,-0.398595636,676.9989003,4.87734117,2490.533759,0.093168266,0.259188208,-0.398595636,1.336671249,1.002600828,18.53495424,10.9249228,2.856663382,166.6652812,17.94859212,-41.85301312,21.74374983,20.93095212
2/28/2001,721.8575192,4.665162116,2655.006303,1,-1.579768875,-2.275198608,1.073628529,0.806613947,0.72040227,-3.805435128,-0.415479062,636.3565466,4.736573332,2681.026085,0.101739903,0.262025248,-0.415479062,1.340173666,0.998435232,20.86645745,16.17490675,1.859719546,-26.019782,-3.642833087,-85.50097253,20.14605518,19.98034187
3/30/2001,721.8575192,4.665162116,2655.006303,1,-1.382205353,-0.517524706,1.058788778,0.802439521,3.693777815,-3.984787345,1.195883178,636.3565466,4.736573332,2681.026085,0.101739903,0.364344345,1.195883178,1.345056512,1.010375351,22.74528511,14.39047347,1.713407884,-26.019782,90.9704955,-85.50097253,19.0515073,18.37526082
4/30/2001,684.9039407,4.612418203,2621.449478,1,1.761666678,1.440860037,1.077441108,0.814001551,1.445103722,-6.574386309,4.322958295,549.0098262,4.472423737,2668.813733,0.114444735,4.643344648,4.322958295,1.407512122,1.054053456,18.31904534,9.790345312,2.882098257,-47.36425501,58.90546759,-135.8941145,16.87394162,16.36473162
5/31/2001,665.5771953,4.646676548,2577.831828,1,-2.920578721,-3.324048146,1.045973592,0.786943748,-0.475192164,-9.343295014,0.570487357,570.6896589,4.749021998,2279.550415,0.116599417,1.001222403,0.570487357,1.421604449,1.060066697,13.06339519,3.826766453,3.894535503,298.2814122,35.87586352,-94.88753644,13.53858735,13.17006147
6/29/2001,700.2470132,4.643097592,2513.147063,1,1.409970189,-0.894298812,1.060721508,0.779906119,-6.086037037,-14.69170737,0.458784252,561.6056695,4.744486301,2098.138237,0.125592498,2.528655047,0.458784252,1.457551921,1.064930116,1.966057636,-6.938820278,1.353083065,415.0088267,-68.01956164,-138.6413437,8.052094673,7.752887088
7/31/2001,709.1157618,4.695802677,2493.90085,1,1.210817981,0.105791864,1.073564914,0.780731196,-5.172348219,-14.3478703,1.97957872,535.4842329,4.747287148,1932.689507,0.125828673,3.043957702,1.97957872,1.501919185,1.086011246,2.617345358,-6.894188553,1.873786857,561.2113432,-177.2908133,-173.6315289,7.789693577,7.453681742
8/31/2001,715.5148501,4.675836002,2521.654824,1,-6.430537447,-8.539587946,1.004528921,0.714059969,0.027771769,-9.966500231,-5.199017623,507.3786231,4.999859415,1966.849732,0.121106646,-3.33146693,-5.199017623,1.451883244,1.02954933,3.416771948,-6.779605499,3.340570324,554.8050916,-196.2933174,-208.1362269,3.389000179,3.186894732
9/28/2001,899.5536888,4.763184866,2538.110356,1,2.453294627,0.374688784,1.029172975,0.716735472,-3.190622904,-10.56776209,0.710815523,649.9998841,4.864614086,1950.284024,0.119777035,2.875362155,0.710815523,1.493630146,1.036867527,1.754970954,-5.684551544,0.336126738,587.8263321,-99.16780351,-249.5538047,4.945593858,4.883210542
10/31/2001,869.2029431,4.742313245,2501.661111,1,3.464415025,5.214629029,1.064827798,0.754110568,-0.553958685,-8.656741536,4.867689113,649.1942903,4.97721082,1913.90052,0.132179705,3.037887136,4.867689113,1.539004944,1.087339015,5.796947949,-2.718540345,-0.346939916,587.7605912,-130.4459136,-220.0086528,6.350906634,5.938201192
11/30/2001,761.937371,4.682966067,2623.923625,1,-0.411627247,0.402145716,1.060444676,0.757143191,1.247563828,-9.933777259,1.916440073,549.2759601,4.980837712,1939.34508,0.137936376,1.11963963,1.916440073,1.556236253,1.108177215,7.295110741,-4.4404295,1.514294358,684.578545,-91.78626679,-212.6614109,6.047546913,5.493347759
12/31/2001,737.5481311,4.661845973,2723.445687,1,1.011523339,0.492171729,1.071171322,0.760869636,3.62331179,-6.982164433,1.257995929,544.9376467,4.88880538,2217.333646,0.139360257,1.818028059,1.257995929,1.584529065,1.122118039,12.09898015,0.728938126,0.7658242,506.1120403,-119.7886395,-192.6104844,8.475668356,7.711102559
1/31/2002,700.9033213,4.655547669,2687.943455,1,-1.429577074,-2.374315552,1.055858102,0.74280419,6.43987873,-5.067811956,-0.889732128,514.3794468,4.929759003,1980.0017,0.147787685,-0.006715628,-0.889732128,1.584422654,1.112134195,13.23305388,0.932502752,1.484583424,707.9417554,-79.45702857,-186.5238745,6.793175147,6.000314708
2/28/2002,725.5003523,4.623035141,2656.871636,1,2.415558637,4.458050648,1.081362974,0.775918777,6.941639799,-6.33053411,4.297773136,534.5891202,4.912268561,1867.484671,0.155690251,2.234112179,4.297773136,1.619820433,1.159931199,14.447236,0.244626557,-0.160277512,789.3869646,-73.9506729,-190.9112321,7.505596197,6.575160668
3/28/2002,630.8870237,4.570883697,2626.806927,1,1.529098934,-0.703007145,1.097898083,0.770464012,11.62819492,-0.291815213,-0.358474008,453.4833158,4.970508556,2016.185734,0.156914781,1.924473686,-0.358474008,1.650993451,1.155773147,20.30587922,7.425440543,0.344533137,610.6211937,-93.91080753,-177.4037079,8.677684301,7.717255756
4/30/2002,625.9984731,4.622969945,2672.760887,1,-0.445108197,-1.295072518,1.093011249,0.760485945,13.30051103,-0.388860451,0.127687801,454.9724453,5.061086855,1978.746954,0.158252998,0.869867453,0.127687801,1.665354906,1.157248929,21.28622966,6.057850795,1.422760319,694.0139328,13.31910381,-171.0260278,7.985718623,6.446711246
5/31/2002,629.7013318,4.533579596,2697.036676,1,-4.758234817,-6.189288994,1.041003207,0.713417272,22.35238048,9.628716649,-4.892288359,508.5581668,4.955488209,2031.807338,0.167408973,-3.485182035,-4.892288359,1.607314256,1.100632974,29.38612474,15.40005675,1.297000635,665.2293388,-30.69163812,-121.1431651,7.033744261,5.771340101
6/28/2002,768.2665749,4.650440321,2686.352658,1,-4.307153246,-6.741170883,0.996165604,0.665324594,26.49240429,20.31497344,-9.957583238,816.0269751,5.353010555,3717.450339,0.214452469,-7.534682356,-9.957583238,1.486208232,0.99103653,36.51441817,30.12505677,-3.216412355,-1031.097681,179.751626,47.76040026,10.02201388,9.810083332
7/31/2002,886.4065751,4.603280107,2643.175788,1,2.195497892,0.509270602,1.018036399,0.668712897,25.11671326,20.617662,2.028487669,846.0897099,4.595210079,3738.224127,0.220143521,3.702130295,2.028487669,1.541229597,1.011139583,32.97109268,28.20607968,1.519217067,-1095.048339,360.5025615,-40.31686516,7.85437942,7.588417679
8/30/2002,911.8081675,4.695427011,2542.74618,1,-1.299413526,-3.861106363,1.004807896,0.642893181,30.20085237,25.29244696,-5.082348363,899.1705417,5.016988266,2068.55778,0.238924529,-2.578383761,-5.082348363,1.501490784,0.959749947,41.19412398,35.66231227,-1.221242,474.1883999,401.3549545,-12.63762571,10.99327161,10.36986531
9/30/2002,998.7214923,4.636225552,2596.500088,1,-0.84314127,-0.295633615,0.996335946,0.640992572,33.96926453,29.88229954,1.893858969,999.0694286,4.949283816,2515.760075,0.235293567,1.222261059,1.893858969,1.519842921,0.977926258,42.97972655,38.38960175,2.189492584,80.74001286,481.6155393,0.347936249,9.010462026,8.507302204
10/31/2002,999.6488567,4.596031401,2638.986635,1,6.282333384,7.462893446,1.058929092,0.688829165,27.98094772,22.6693551,8.165544825,971.7328285,4.853557026,2616.381191,0.241511327,7.13082496,8.165544825,1.628220259,1.057779265,36.15140507,30.40893464,0.702651379,22.60544366,554.4835398,-27.91602822,8.170457353,7.739579541
11/27/2002,853.7236378,4.6034578,2722.854579,1,1.392473681,-1.001538901,1.073674401,0.681930273,29.08203423,25.66115075,0.112511416,833.7202224,5.063646919,2820.547699,0.2438471,2.551568288,0.112511416,1.669765411,1.058969387,35.93944896,32.22981908,1.114050317,-97.69311939,438.2490525,-20.00341542,6.857414731,6.568668325
12/31/2002,857.3367706,4.676587259,2678.782578,1,3.381732673,3.785459422,1.109983199,0.707744467,27.24337933,22.54929004,6.735624211,834.0211795,5.235852557,2640.45006,0.263787678,6.376674828,6.735624211,1.776240922,1.130297586,30.35735565,25.35502889,2.950164789,38.33251812,465.5030667,-23.31559114,3.113976323,2.805738851
1/31/2003,780.3603499,4.747747014,2734.679083,1,1.249648185,-0.365131295,1.123854083,0.70516027,25.34752585,21.27843685,-0.689438697,704.125493,5.345183846,2518.115495,0.274554665,1.004888198,-0.689438697,1.794090157,1.122504877,28.55079499,24.16143595,-0.324307402,216.5635883,407.6426479,-76.23485685,3.203269136,2.882999101
2/28/2003,799.4510251,4.749202135,2809.734981,1,2.89834893,3.068622073,1.156427296,0.726798974,22.63299649,17.37999571,3.586961917,722.4266997,5.36024812,2752.274399,0.272251592,3.330354192,3.586961917,1.853839714,1.162768699,25.43150126,19.68427678,0.518339844,57.46058161,393.6061091,-77.02432546,2.798504769,2.304281069
3/31/2003,724.7978312,4.74937927,2817.332364,1,5.978457662,5.69850931,1.225563813,0.768215681,14.98221795,13.53703671,6.779138132,651.9425675,5.474053137,2822.524191,0.272829823,7.142066945,6.779138132,1.986242187,1.241594395,15.29396719,13.88936642,1.080628822,-5.191826473,314.6033172,-72.85526373,0.311749242,0.352329702
4/30/2003,612.6793693,4.704902665,2867.326565,1,1.046336235,-1.391141293,1.238387331,0.757528716,11.89291358,13.63823067,-1.146997214,533.9048347,5.577750619,2880.102442,0.270999193,1.691837411,-1.146997214,2.019846176,1.227353342,11.42117306,13.66209692,0.244144078,-12.77587687,248.4906813,-78.77453463,-0.471740517,0.023866255
5/30/2003,660.3929699,4.724426209,2899.499243,1,2.850874946,3.244957362,1.273692205,0.782110199,10.34689739,11.21340693,3.485364247,559.9531021,5.558489891,2782.347198,0.279378936,2.960396348,3.485364247,2.079641628,1.270131077,9.856814589,11.04964996,0.240406885,117.1520449,259.9156737,-100.4398678,-0.490082803,-0.163756971
6/30/2003,588.5149488,4.711445023,2891.602997,1,-1.069205101,2.349401609,1.260073823,0.800485109,13.02461239,9.141510197,1.531792297,495.3099572,5.503027789,2751.639915,0.273845773,-2.440473707,1.531792297,2.028888521,1.289586847,14.44005641,10.09490424,-0.817609312,139.9630821,205.0998919,-93.20499165,1.415444023,0.953394045
7/31/2003,525.9040136,4.759781453,2876.602319,1,1.084052268,0.762131951,1.273733682,0.806585862,13.93961014,8.284140177,0.523855621,463.8383273,5.39596471,2670.954793,0.270257751,1.010470278,0.523855621,2.049389836,1.29634242,15.61246282,9.390494461,-0.238276329,205.6475256,138.0479376,-62.06568636,1.672852678,1.106354284
8/29/2003,510.453213,4.794110895,2818.709052,1,2.711301738,-0.135046294,1.308268445,0.805496597,12.56209679,9.832081739,0.437889754,455.1352085,5.475935424,2614.297133,0.261727725,3.446241464,0.437889754,2.120016759,1.302018971,13.67691357,10.48734551,0.572936048,204.4119192,120.9675363,-55.31800443,1.114816777,0.655263775
9/30/2003,517.105953,4.719825089,3065.531285,1,2.026762459,3.356847876,1.334783939,0.832535893,12.29821493,7.427337756,3.942283798,444.7553494,5.408771876,2800.487617,0.263310026,2.502361994,3.942283798,2.173067252,1.353348254,13.52884062,7.937330819,0.585435923,265.0436676,152.6281126,-72.35060359,1.230625687,0.509993062
10/31/2003,445.1653169,4.657992581,3006.228331,1,1.531599808,1.494998803,1.355227487,0.844982294,11.9334419,8.42140678,1.927842034,379.3591536,5.438719958,2562.673956,0.267270666,2.014549172,1.927842034,2.216844761,1.37943867,12.47780242,8.53106974,0.432843231,443.5543752,98.47909603,-65.80616327,0.544360523,0.10966296
11/26/2003,415.4745853,4.655280466,3007.540141,1,2.264805752,1.412944853,1.385920757,0.856921428,11.10237085,7.6779973,1.510370496,343.5803386,5.428558397,2550.753014,0.263509635,2.391919318,1.510370496,2.269869899,1.400273305,11.79855563,7.694426676,0.097425643,456.7871269,116.1874402,-71.89424671,0.696184781,0.016429377
12/31/2003,391.8337039,4.660496042,3017.626873,1,1.909154933,1.21532624,1.412380132,0.867335819,8.885214172,5.805422496,1.186308432,320.6776479,5.521728823,2513.634785,0.253774261,2.008520256,1.186308432,2.315460696,1.416884865,9.811656185,5.758623231,-0.029017808,503.9920885,105.5136755,-71.15605601,0.926442013,-0.046799265
1/30/2004,372.7177019,4.67725395,3031.332606,1,-0.258913583,-1.398358747,1.408723288,0.855207353,10.76439763,9.715441786,-1.635044038,298.1336224,5.587029673,2408.523552,0.261318368,-0.394890562,-1.635044038,2.30631716,1.393718173,11.99182361,10.14874497,-0.236685291,622.8090544,70.36779395,-74.58407952,1.227425977,0.433303186
2/27/2004,405.8449161,4.746787309,3037.325557,1,0.669979544,-0.244472714,1.418161446,0.853116604,6.859885891,7.147707594,-0.148298661,328.4381669,5.566423289,2463.508519,0.26232344,0.823036165,-0.148298661,2.325298984,1.391651308,7.345835527,7.028965925,0.096174053,573.8170372,150.1474027,-77.40674916,0.485949636,-0.118741669
3/31/2004,410.194514,4.774900558,3041.926654,1,-0.633284145,2.237996003,1.409180454,0.87220932,6.482105056,2.055915118,1.609072767,328.0020317,5.669337452,2505.617136,0.260087097,-1.517291693,1.609072767,2.290017416,1.41404399,8.616151459,2.938689997,-0.628923236,536.309518,82.83041864,-82.19248235,2.134046403,0.882774879
4/30/2004,364.188688,4.731141096,3051.799142,1,-1.668543457,-1.303252613,1.385667666,0.860842229,10.17556712,4.120362068,-1.344261214,304.3549374,5.550952392,2552.508904,0.250061946,-1.72405295,-1.344261214,2.250536303,1.395035545,12.65477743,5.026185044,-0.041008601,499.2902379,-22.66325967,-59.83375063,2.479210308,0.905822976
5/28/2004,400.4772963,4.78023603,3116.276525,1,1.429791948,1.041906312,1.405479831,0.869811399,10.50034791,4.323970925,1.10682265,332.5173484,5.46179528,2522.458438,0.246049136,1.514827579,1.10682265,2.284628048,1.410476115,13.25640464,5.267431651,0.064916338,593.8180879,31.04860456,-67.95994784,2.756056723,0.943460726
6/30/2004,383.415057,4.75488994,3052.157609,1,1.331482905,0.442640575,1.424193554,0.873661537,10.7316462,6.587066179,0.658876049,315.0240366,5.561910108,2469.607137,0.245914983,1.629723511,0.658876049,2.321861168,1.419769404,13.19143443,7.345357147,0.216235474,582.5504728,29.2030884,-68.3910204,2.45978823,0.758290968
7/30/2004,387.8560761,4.728740351,3117.467074,1,1.902384473,-0.029413181,1.451287191,0.873404565,8.864881083,5.287813548,-0.119316627,327.8769505,5.654135769,2734.469355,0.241711551,2.045294324,-0.119316627,2.369350063,1.418075383,10.52929529,5.255201044,-0.089903446,382.9977181,80.14057019,-59.97912557,1.664414202,-0.032612504
8/31/2004,389.4856767,4.744847714,3059.993291,1,1.469537009,1.29254146,1.472614394,0.884693681,6.254151162,4.105646626,1.444973649,333.4527936,5.765291024,2605.000331,0.259746063,1.714375451,1.444973649,2.409969618,1.438566199,7.049084578,3.724830489,0.152432189,454.99296,46.38299723,-56.03288309,0.794933416,-0.380816137
9/30/2004,364.4778404,4.672057821,3028.910134,1,1.787578825,1.093877402,1.498938537,0.894371146,3.757135303,3.061248661,1.543327158,312.7520285,5.797099735,2542.759005,0.258585119,2.368844763,1.543327158,2.467058058,1.460767982,4.333642806,2.856363476,0.449449756,486.1511294,31.84297724,-51.72581187,0.576507503,-0.204885185
10/29/2004,346.6862209,4.646581395,3074.743559,1,1.201799467,2.434173472,1.516952772,0.916141691,3.05143269,0.630142789,2.488524112,294.5918079,5.848268064,2566.338806,0.257098187,1.070109088,2.488524112,2.49345827,1.497119545,2.6388717,-0.728551309,0.05435064,508.4047531,4.301614185,-52.09441297,-0.41256099,-1.358694098
11/30/2004,299.2871451,4.588512191,3114.477706,1,1.505521322,0.717590062,1.539790819,0.922715832,2.370039742,-0.116920687,0.727848518,249.4163114,5.8365054,2527.66298,0.254631674,1.773580577,0.727848518,2.537681762,1.508016307,1.513315113,-1.876573333,0.010258455,586.8147265,-45.73545947,-49.8708337,-0.856724629,-1.759652645
12/31/2004,286.3200284,4.63633587,3002.479446,1,-0.124542112,-0.544859447,1.537873131,0.917688328,3.927984615,2.084268984,-0.632511822,239.1148581,5.892330079,2494.396378,0.254277259,0.195610677,-0.632511822,2.542645738,1.498477926,3.915423218,1.675583477,-0.087652375,508.0830685,-53.47456493,-47.20517032,-0.012561397,-0.408685508
1/31/2005,302.349908,4.637699825,2971.555472,1,1.462456953,2.245446175,1.560363864,0.938294525,3.085592787,0.452111068,2.448160892,250.3135263,5.878083041,2477.353854,0.254027343,1.582639165,2.448160892,2.582886645,1.535163077,1.860288719,-1.331836315,0.202714717,494.2016186,-20.92494143,-52.03638165,-1.225304068,-1.783947383
2/28/2005,255.6975134,4.590231244,2961.242614,1,-2.878697876,-2.579109243,1.515445703,0.914094885,6.783090263,4.473806706,-2.976431162,214.8379824,5.968152184,2485.812988,0.249137293,-3.35961404,-2.976431162,2.496111623,1.489470004,6.63445917,3.970616275,-0.397321919,475.429626,-63.8505449,-40.85953094,-0.148631092,-0.503190432
3/31/2005,327.3640954,4.716638461,2943.618474,1,-0.984574441,-2.620480865,1.500525012,0.890141203,8.472952871,8.111418294,-2.274073639,275.5473866,5.802091186,2474.286737,0.247425749,-0.351860796,-2.274073639,2.487328785,1.45559836,7.427399822,7.272414269,0.346407226,469.3317371,32.51022246,-51.81670881,-1.045553049,-0.839004025
4/29/2005,386.8519477,4.757124651,2910.727656,1,1.742203391,0.69324312,1.526667209,0.896312046,6.618991936,7.35491767,0.656379808,321.2716538,5.823064834,2459.278658,0.248978199,1.930097803,0.656379808,2.535336663,1.465152613,5.716023133,6.872720186,-0.036863312,451.4489979,96.70145043,-65.58029391,-0.902968803,-0.482197484
5/31/2005,369.4286917,4.701302373,2925.837272,1,1.728791531,1.239495205,1.553060103,0.907421791,4.448291376,5.416684728,1.339066427,308.8719906,5.894009024,2468.93879,0.254478762,2.056962445,1.339066427,2.587487586,1.48477198,4.006927511,5.562197018,0.099571222,456.8984827,72.97703288,-60.55670109,-0.441363865,0.145512289
6/30/2005,354.2119686,4.74110416,2459.991621,1,1.54358901,2.621538302,1.577032968,0.9312102,3.860159412,2.45888909,2.645831004,328.9269554,5.714371444,1631.15888,0.342780115,1.571423019,2.645831004,2.628147962,1.524056537,3.870607448,2.98702927,0.024292702,828.8327409,36.62590527,-25.28501319,0.010448037,0.52814018
7/29/2005,307.7155059,4.54383594,2720.563808,1,0.184467117,-1.248013641,1.579942075,0.91958857,5.349053119,4.005727294,-2.064125657,283.2166582,5.792775796,2066.105266,0.281537173,-0.354699757,-2.064125657,2.618825927,1.492598095,6.664268611,5.974734358,-0.816112016,654.4585414,-21.05601372,-24.49884768,1.315215492,1.969007065
8/31/2005,343.1026795,4.533677397,2754.031684,1,-0.963842366,0.155233276,1.564713924,0.921016078,7.888500821,4.427522316,-0.02999765,323.1687069,5.770989266,2155.38163,0.279572656,-1.488281886,-0.02999765,2.579850415,1.492150351,10.02906993,6.71126567,-0.185230926,598.6500533,12.59526348,-19.93397263,2.14056911,2.283743354
9/30/2005,332.6348631,4.623073201,2683.732449,1,-0.604470764,0.079693799,1.555255686,0.92175007,10.03103608,5.2524243,0.69312543,327.2177595,5.878811637,2148.844251,0.284188903,-0.227876529,0.69312543,2.573971542,1.502492825,11.74433433,6.809704862,0.613431632,534.8881984,6.772715505,-5.417103646,1.713298254,1.557280562
10/31/2005,342.3846067,4.656357367,2709.985557,1,0.513476932,0.01785964,1.563241565,0.921914691,11.29855781,5.994484586,-1.083570145,317.130443,5.763448588,2092.168462,0.282761031,-0.571649946,-1.083570145,2.559257435,1.486212261,14.85705791,9.182108467,-1.101429786,617.8170947,30.76705108,-25.25416372,3.558500107,3.187623881
11/30/2005,345.0226045,4.636067663,2710.071194,1,0.834350194,-0.03012261,1.576284474,0.921636987,11.58184057,7.876972063,-0.437016003,343.571495,5.791916043,2030.575645,0.281517979,0.65751293,-0.437016003,2.576084883,1.479717276,15.09094765,11.5655869,-0.406893394,679.4955488,42.30049676,-1.451109553,3.509107086,3.688614837
12/30/2005,339.7945933,4.517714668,2797.060645,1,1.395438322,1.646899454,1.598280551,0.936815421,11.2705925,7.39571876,2.964681139,364.9930134,5.67541206,2116.061719,0.271588079,2.566537961,2.964681139,2.64220108,1.523586175,13.28658847,9.586717114,1.317781685,680.9989267,67.21372599,25.19842003,2.015995962,2.190998354
1/31/2006,323.2748494,4.533165954,2661.038621,1,0.640049544,0.610711303,1.608510339,0.942536659,12.10150676,6.54187469,-0.582110646,335.9008242,5.426141105,2034.741746,0.306005491,-0.426359882,-0.582110646,2.630935794,1.514717217,15.06254925,9.48845119,-1.192821949,626.2968753,66.80751593,12.62597483,2.961042491,2.946576501
2/28/2006,319.5480583,4.549257483,2717.200321,1,0.604871066,1.321228612,1.618239752,0.954989723,11.54860504,5.15286664,2.237640476,353.037784,5.42011906,2088.479048,0.302000331,1.169900659,2.237640476,2.661715129,1.548611143,13.33673964,6.815285262,0.916411864,628.7212723,55.79089549,33.48972577,1.788134601,1.662418621
3/31/2006,294.8538729,4.425634323,2702.792542,1,0.582363404,0.770118927,1.627663789,0.96234428,12.3174412,5.180035795,0.82941155,313.5028225,5.266311791,2130.409607,0.302074338,0.389129134,0.82941155,2.672072638,1.561455502,14.067746,6.503786841,0.059292623,572.3829352,23.79619929,18.64894953,1.750304806,1.323751046
4/28/2006,290.1504973,4.495404052,2735.780164,1,0.003280779,-0.011349443,1.627717189,0.962235059,13.16127137,6.842688605,0.281336889,307.2189318,5.315639616,2079.340067,0.294310088,0.306296113,0.281336889,2.680257093,1.565848453,14.61941366,8.053790933,0.292686332,656.440097,29.19355381,17.06843452,1.458142288,1.211102329
5/31/2006,296.4516588,4.491950069,2728.667308,1,-0.342347397,-0.588327207,1.622144741,0.956573968,11.56314228,5.518044096,0.096399503,308.5205497,5.285906851,2021.662204,0.293113682,0.407022327,0.096399503,2.691166338,1.567357923,12.37513145,6.310097048,0.684726711,707.0051046,61.10658892,12.06889094,0.811989174,0.792052952
6/30/2006,317.5860633,4.568531777,2703.806411,1,0.971812969,-0.257830738,1.637908954,0.954107626,6.685997777,0.45121062,0.141807396,310.1439762,5.310117617,2049.402439,0.293843846,1.438295129,0.141807396,2.729873252,1.569580552,6.644029342,0.384973093,0.399638134,654.4039722,31.8483447,-7.442087106,-0.041968435,-0.066237528
7/31/2006,328.7715196,4.547647541,2669.625824,1,1.620667711,0.24286086,1.664454016,0.95642478,6.405465805,-0.103792215,0.777042907,309.1407973,5.281762697,2024.985971,0.288994121,2.32531928,0.777042907,2.793351521,1.581776867,4.913699586,-1.310076311,0.534182047,644.6398529,-80.88402477,-19.63072231,-1.491766219,-1.206284096
8/31/2006,330.507416,4.526394652,2673.064299,1,1.423432465,0.561412628,1.688146395,0.96179427,7.598198216,1.287144783,0.664800383,297.5401567,5.333846229,2025.539631,0.290494741,1.619341346,0.664800383,2.838585417,1.592292525,6.523498736,0.566675105,0.103387755,647.5246678,-101.1832,-32.96725928,-1.07469948,-0.720469678
9/29/2006,325.8621476,4.480268527,2687.929986,1,1.369404338,0.870251079,1.711263945,0.970164295,6.756807777,0.257274937,0.786012998,292.6674814,5.355672656,2150.524937,0.288348524,1.327490353,0.786012998,2.876267365,1.604808152,5.338994765,-0.773548516,-0.084238081,537.4050489,-75.94712566,-33.19466619,-1.417813012,-1.030823453
10/31/2006,311.6175556,4.421771851,2664.464115,1,1.671359478,0.723014718,1.739865317,0.977178726,2.724028019,-5.692108772,1.113511993,280.6377338,5.332844273,2133.188295,0.285220576,2.19800251,1.113511993,2.939487794,1.622677883,0.978354377,-6.946494378,0.390497274,531.2758195,-103.4340113,-30.97982181,-1.745673642,-1.254385605
11/30/2006,302.7221078,4.377212685,2726.173446,1,1.090998921,1.745366398,1.758847229,0.994234075,1.840425947,-7.261034778,1.736474035,261.6559591,5.339136567,2176.663095,0.286335739,0.862487357,1.736474035,2.964840504,1.650855263,-0.494574961,-9.205090462,-0.008892364,549.5103509,-244.804421,-41.0661487,-2.335000908,-1.944055684
12/29/2006,272.5808673,4.388035376,2753.967712,1,1.112604362,1.193439321,1.77841624,1.006099655,-0.634010524,-12.10214094,1.138368007,233.5025493,5.308750545,2143.473393,0.281708227,0.958532475,1.138368007,2.993259464,1.669648071,-1.21268719,-12.29060933,-0.055071315,610.4943188,-290.8380109,-39.07831807,-0.578676667,-0.188468388
1/31/2007,256.4673335,4.383812958,2760.549352,1,1.391580113,-0.189188919,1.803164326,1.004196226,-3.322731924,-14.34875781,-0.671258227,219.5229154,5.33496875,2156.155615,0.27515179,1.134627012,-0.671258227,3.027221794,1.658440421,-4.770895144,-14.98514576,-0.482069308,604.3937362,-402.7869335,-36.94441808,-1.44816322,-0.636387946
2/28/2007,263.7571628,4.327755147,2763.491161,1,0.10867251,0.000283186,1.80512387,1.00419907,-3.748016625,-15.135348,-0.258496552,235.1772219,5.37972431,2142.792845,0.274595867,-0.347534749,-0.258496552,3.016701146,1.65415341,-5.832201281,-16.4464165,-0.258779737,620.6983157,-472.4013469,-28.57994089,-2.084184657,-1.311068501
3/30/2007,271.0576736,4.338799472,2728.598339,1,1.275615977,0.796155677,1.828150319,1.012194058,-0.895934277,-10.73156118,0.535369341,246.0097096,5.280588721,2092.728762,0.271983825,1.036625189,0.535369341,3.04797303,1.66300924,-2.616461168,-11.90033608,-0.260786337,635.8695764,-500.3093857,-25.047964,-1.720526891,-1.168774903
4/30/2007,260.9569434,4.284650657,2742.883946,1,0.754595844,1.569239587,1.841945465,1.028077808,-1.288226917,-10.85567315,1.740782483,244.3727604,5.190115789,2168.639983,0.264878754,0.791409048,1.740782483,3.072094965,1.691958613,-3.395355147,-12.52574478,0.171542896,574.243963,-381.474757,-16.58418303,-2.107128229,-1.670071637
5/31/2007,235.3450699,4.286537285,2788.990201,1,-1.749770552,-1.820841366,1.809715646,1.009358142,-2.565552152,-12.54673797,-1.518883757,216.7514239,5.272457407,2175.338164,0.263209745,-1.558977027,-1.518883757,3.02420171,1.666259729,-6.800461701,-16.27481713,0.301957608,613.6520376,-385.8620435,-18.59364595,-4.234909549,-3.728079157
6/29/2007,285.7377186,4.50965764,2769.070634,1,-3.442316217,-5.047314532,1.74741951,0.958412661,-0.42568704,-9.614427967,-5.439530956,255.4704461,5.201390196,2171.624677,0.26555741,-3.73503121,-5.439530956,2.911246832,1.575623015,-5.592352286,-14.04401442,-0.392216424,597.445957,-410.0187474,-30.26727253,-5.166665246,-4.429586456
7/31/2007,409.6555444,4.619402937,2788.815452,1,1.353455079,-0.310990823,1.771070049,0.955432086,-1.420145922,-10.00204181,-0.924626788,383.2462765,4.999410007,2178.662297,0.255676451,0.665061825,-0.924626788,2.930608423,1.561054383,-5.690239671,-13.72732323,-0.613635965,610.153155,-344.4368366,-26.40926783,-4.270093749,-3.725281411
8/31/2007,431.690616,4.613682813,2800.067921,1,2.560319693,1.961611819,1.816415104,0.974173955,-11.49112898,-19.22211498,2.579107332,422.7333015,5.013106899,2193.000212,0.25721677,3.178591758,2.579107332,3.023760501,1.601315651,-18.37091051,-25.43335035,0.617495512,607.0677093,-355.8472675,-8.957314421,-6.879781532,-6.21123537
9/28/2007,401.8092733,4.564503099,2743.706394,1,0.576721477,-0.155379866,1.82689076,0.972660284,-25.95607498,-32.40596151,-0.557133677,396.1562519,5.015973342,2079.913247,0.266011618,0.200764174,-0.557133677,3.029831129,1.592394182,-27.38309847,-33.474909,-0.401753811,663.7931461,-607.9514379,-5.653021432,-1.427023494,-1.068947493
10/31/2007,415.0515669,4.55082095,2767.829508,1,-2.169315501,-5.254006532,1.787259735,0.92155665,-31.24367851,-38.24861334,-5.176829202,420.1798558,5.042552977,2075.576033,0.261474418,-2.032612547,-5.176829202,2.968246401,1.509958655,-35.4536901,-41.70175776,0.07717733,692.2534749,-1034.768995,5.128288863,-4.210011589,-3.453144425
11/30/2007,547.5265287,4.64548499,2800.603128,1,0.221443688,0.052708984,1.791217509,0.922042393,-26.16275055,-34.78373072,-0.732875189,547.4706857,5.00423731,2109.145638,0.258468021,-0.608751877,-0.732875189,2.950177146,1.498892543,-24.63705311,-32.98403887,-0.785584173,691.4574891,-1254.179398,-0.055843081,1.525697433,1.799691847
12/31/2007,563.4188783,4.580640259,2853.153766,1,-1.344148088,-4.089002443,1.767140893,0.884340057,-20.737327,-26.96986655,-2.298656652,593.407554,4.862041304,2127.084338,0.251064597,0.229933438,-2.298656652,2.956960589,1.464438149,-21.79068237,-27.60418616,1.790345791,726.0694285,-1074.583865,29.98867578,-1.053355367,-0.634319608
1/31/2008,659.254267,4.654187468,2852.185033,1,-1.351951277,-2.740293738,1.74325001,0.860106542,-21.82025994,-26.61939495,-3.722754891,651.7223511,4.890227238,2238.046588,0.247802315,-2.508128561,-3.722754891,2.882796216,1.409920707,-22.58173631,-27.16777332,-0.982461152,614.1384451,-782.889986,-7.531915852,-0.761476378,-0.548378365
2/29/2008,736.1585097,4.640646474,2890.187376,1,-0.331706988,-0.918083433,1.737467527,0.852210046,-19.06234114,-24.75883055,-1.972895079,769.5961373,4.817567612,2469.360409,0.244325284,-1.458138204,-1.972895079,2.840761063,1.38210445,-15.60530132,-21.28351752,-1.054811646,420.8269671,-777.7602572,33.4376276,3.457039814,3.475313026
3/31/2008,771.3670594,4.555192353,2840.785705,1,4.276555661,6.026658271,1.811771293,0.903569833,-13.28917245,-19.95650546,6.005414493,836.0952526,4.676704627,2446.992333,0.244167184,4.486929146,6.005414493,2.968224,1.465105551,-8.513767634,-15.12005849,-0.021243778,393.7933722,-692.9917433,64.72819321,4.775404812,4.836446967
4/30/2008,642.4317005,4.453512576,2870.86609,1,0.35576976,1.428025532,1.818217028,0.916473041,-8.113421954,-15.52412817,1.018537154,701.8832705,4.705486041,2623.128514,0.243603006,-0.014741792,1.018537154,2.96778643,1.480028196,-1.14039319,-8.666980771,-0.409488378,247.7375752,-549.9069952,59.45157008,6.973028764,6.857147402
5/30/2008,621.2071134,4.424559179,2940.721888,1,-3.021123436,-3.683296637,1.763286447,0.88271662,-2.590365415,-9.572769326,-5.739700823,684.9646896,4.649470882,2865.328129,0.241279304,-5.028811972,-5.739700823,2.818542031,1.395079005,6.428418256,-0.775518629,-2.056404185,75.39375845,-436.5630542,63.75757625,9.018783671,8.797250697
6/30/2008,695.756466,4.476988012,2853.900353,1,-1.321706686,-1.863548682,1.739980972,0.866266766,4.783586111,-2.573496908,-2.920029146,776.5437451,4.725166701,2542.494017,0.248926166,-2.48718581,-2.920029146,2.748439653,1.354342292,14.42563699,6.769454874,-1.056480464,311.4063364,-238.9180838,80.78727914,9.642050878,9.342951782
7/31/2008,754.0923809,4.456362952,2915.758905,1,0.341227723,-0.738501979,1.74591827,0.859869369,6.354606224,-0.818039645,-0.559599287,856.6334858,4.622793776,2646.678425,0.238716698,0.560686386,-0.559599287,2.76384978,1.346763402,17.21055083,9.708398089,0.178902692,269.0804798,-70.96537341,102.5411049,10.8559446,10.52643773
8/29/2008,787.5378834,4.407747539,2942.298036,1,-7.917310359,-8.484108726,1.607688502,0.786917117,22.06442779,13.84168562,-11.33948031,903.0417801,4.64183263,2763.847001,0.239089001,-10.69456151,-11.33948031,2.468268166,1.194047431,39.76505225,30.93058201,-2.855371583,178.4510352,-49.74863835,115.5038966,17.70062446,17.08889638
9/30/2008,1009.760711,4.390894875,2925.929802,1,-15.86046531,-16.45112898,1.352701624,0.657460367,47.58607229,38.44765418,-11.28144067,1235.687363,4.337191531,2950.139128,0.234033622,-10.86181323,-11.28144067,2.200169487,1.059341679,59.30169384,49.97940434,5.169688317,-24.20932601,266.3237302,225.9266515,11.71562155,11.53175015
10/31/2008,1449.820562,4.209232461,2953.136842,1,-9.155572269,-13.44360231,1.22885405,0.56907401,64.05682353,59.35918279,-16.90316995,1606.192987,4.040896229,3234.337753,0.235768963,-12.92063944,-16.90316995,1.915893521,0.880279354,85.51853545,80.71115737,-3.459567642,-281.2009104,720.5662097,156.3724247,21.46171192,21.35197457
11/26/2008,1801.705926,4.066654521,3053.517908,1,7.627569036,5.666686434,1.322585741,0.60132165,57.3628567,58.89131976,14.11118967,2168.686985,3.829553163,4027.999483,0.233558665,16.0471817,14.11118967,2.223340435,1.004497244,65.42782445,67.36828964,8.44450324,-974.4815753,1073.706412,366.9810589,8.064967742,8.476969883
12/31/2008,1638.002743,4.057581029,3262.906794,1,5.904900135,7.402539707,1.400683108,0.645834724,50.59516201,47.85486326,5.54453217,1699.284611,3.882727287,4294.971785,0.257240452,4.01550131,5.54453217,2.3126187,1.060191917,62.10934037,59.34249975,-1.858007538,-1032.064991,1026.407846,61.28186825,11.51417836,11.48763649
1/30/2009,1442.144253,4.116390505,3033.189116,1,-2.699738538,-2.273544425,1.362868326,0.631151384,54.96928627,50.86191998,-3.142381195,1530.219321,4.004680614,3731.179811,0.236695763,-3.494217328,-3.142381195,2.231810776,1.026876645,68.57105618,64.49372115,-0.86883677,-697.9906951,813.4144309,88.0750682,13.6017699,13.63180116
2/27/2009,1513.918767,4.042340693,3116.488272,1,3.184255824,1.594137428,1.40626554,0.641212805,54.82689795,54.12419257,5.946903425,1736.12671,3.946117038,3782.958073,0.229106432,7.421819312,5.946903425,2.39745174,1.087944007,63.85193938,63.26838177,4.352765997,-666.4698013,862.3580981,222.2079435,9.025041431,9.144189197
3/31/2009,1464.358803,3.990492041,3223.478759,1,11.71445484,12.7938907,1.571001882,0.72324887,41.84345641,38.71171756,14.3055825,1649.427928,3.956426524,3786.40875,0.249497209,13.26677658,14.3055825,2.715516305,1.243580735,48.22220136,44.90883473,1.511691807,-562.9299912,893.6278046,185.0691255,6.378744949,6.19711717
4/30/2009,1192.338696,4.135093173,3279.142303,1,6.345983894,7.044562876,1.670697408,0.774198591,28.67367043,23.32218491,8.698566849,1299.676997,4.27183203,3582.466896,0.26235811,8.0436155,8.698566849,2.933941996,1.351754437,32.07766934,26.2615003,1.654003973,-303.3245934,651.1893277,107.3383009,3.403998911,2.939315395
5/29/2009,1057.770168,4.255199738,3300.375581,1,2.808017552,3.102253513,1.717610885,0.798216194,26.69814793,19.26459484,2.404687579,1113.485743,4.493993224,3271.179674,0.293531051,2.242297414,2.404687579,2.999729701,1.384259908,30.78373111,22.74329213,-0.697565934,29.19590711,382.9605932,55.71557571,4.085583183,3.47869729
6/30/2009,934.6745498,4.255635423,3250.20149,1,6.148282855,5.732434871,1.82321446,0.843973418,23.59725089,15.91952409,4.461876989,1029.3811,4.487837934,3184.10379,0.283807514,4.840098736,4.461876989,3.144919581,1.446023882,29.38941895,21.09020822,-1.270557882,66.0977006,238.3753544,94.70654979,5.792168051,5.170684136
7/31/2009,825.0577543,4.268829972,3334.969455,1,1.845643564,1.050018723,1.856864501,0.852835297,21.38598359,13.12986457,2.177603889,970.2320943,4.631851756,3317.095284,0.27225896,3.008152308,2.177603889,3.239523552,1.477512554,26.34941975,16.88013563,1.127585167,17.87417154,185.4879354,145.17434,4.963436157,3.750271057
8/31/2009,837.2865218,4.282108353,3373.086518,1,5.684381894,5.042522719,1.96241577,0.89583971,18.28118163,10.66076264,5.811165291,913.0135994,4.642667362,3452.452562,0.268969246,6.490236494,5.811165291,3.449776291,1.563373251,22.42385967,13.93103396,0.768642572,-79.36604438,159.0185037,75.72707763,4.14267804,3.270271326
9/30/2009,743.436981,4.276809748,3372.076095,1,1.73171393,1.607290323,1.996399197,0.910238455,19.22226878,11.47505773,1.626040905,825.7844652,4.819339544,3380.244171,0.263177691,1.598102738,1.626040905,3.504907261,1.588794339,23.54445577,15.14722648,0.018750582,-8.16807565,122.8045589,82.34748423,4.322186994,3.672168746
10/30/2009,729.2543526,4.271485653,3464.829626,1,0.982755469,-0.369877097,2.01601892,0.906871692,16.72473624,11.28111189,0.123909668,794.1524286,4.85509919,3369.401081,0.253467509,1.41031806,0.123909668,3.554337601,1.590763009,19.98193241,14.07791217,0.493786765,95.42854503,159.7981223,64.89807602,3.257196175,2.796800286
11/30/2009,727.9995145,4.228671906,3407.244488,1,3.236070036,5.356459334,2.081258704,0.955447905,15.0691458,9.102517084,5.68575246,717.2055784,4.687376873,3338.384543,0.249404113,3.47986391,5.68575246,3.678023712,1.681209856,17.19511497,10.92110001,0.329293127,68.85994537,123.6504798,-10.79393609,2.125969165,1.818582929
12/31/2009,611.5948972,4.265711286,3340.885561,1,1.350254612,-0.057549732,2.109360995,0.954898048,15.9881517,11.2967042,0.483368908,596.7342453,4.956048705,2910.371138,0.235842396,1.928949146,0.483368908,3.748970919,1.689336302,17.44530513,12.81120277,0.54091864,430.5144229,90.31168692,-14.86065185,1.457153433,1.514498573
1/29/2010,628.729822,4.312492467,3371.87621,1,0.126404272,-0.285994009,2.112027318,0.952167096,17.33425597,13.19222169,-0.01116988,603.0142686,5.12570731,2749.971918,0.214665964,0.352525494,-0.01116988,3.762186997,1.689147605,19.00505226,14.6866625,0.274824129,621.9042917,142.3832577,-25.71555342,1.670796285,1.494440811
2/26/2010,651.5606688,4.317932616,3336.448757,1,3.089448439,3.791032241,2.177277313,0.988264058,14.19251559,9.492290557,5.157688421,627.2258356,4.998389004,2707.241823,0.219395702,4.41456455,5.157688421,3.928271171,1.776268576,14.6164316,9.746665235,1.36665618,629.2069339,192.2924257,-24.33483323,0.42391601,0.254374679
3/31/2010,570.7309981,4.264929594,3285.54506,1,2.346327516,1.51446082,2.228363369,1.00323093,13.2811192,8.398125806,1.451907489,513.6245059,5.077987295,2589.536712,0.221769685,2.462326833,1.451907489,4.024998046,1.802058352,13.78465472,8.84221897,-0.06255333,696.0083479,107.8688879,-57.10649214,0.50353552,0.444093164
4/30/2010,541.149368,4.235269395,3027.139856,1,-3.5279566,-4.831620507,2.149747677,0.954758619,18.0245883,13.02708546,-5.289113964,486.8346387,5.140485043,2542.591164,0.213545926,-3.724618908,-5.289113964,3.875082208,1.706745432,19.8471123,14.81194609,-0.457493458,484.5486912,86.19359951,-54.31472929,1.822524003,1.784860634
5/28/2010,674.8095744,4.351952188,3036.74432,1,1.229609544,-0.290053233,2.17618118,0.95198931,15.44782733,12.45809038,-0.448763456,621.0025489,5.037007825,2529.448869,0.201561879,1.240650293,-0.448763456,3.923158427,1.699086182,17.0506956,14.45422394,-0.158710223,507.2954514,187.6521634,-53.80702547,1.602868263,1.996133566
6/30/2010,696.2991954,4.331280312,3033.274973,1,3.550337259,2.766907036,2.253442951,0.97832997,12.75433654,8.918748238,3.055003791,642.8499481,5.123999373,2544.731358,0.196868042,3.722376953,3.055003791,4.069193172,1.75099333,13.81627675,10.02016815,0.288096755,488.5436148,176.5343743,-53.44924723,1.061940205,1.101419913
7/30/2010,639.569819,4.196170117,3008.661219,1,0.023532314,-1.381798944,2.253973238,0.964811416,8.232136363,3.856143155,-1.374913994,577.0995621,5.190460616,2459.540508,0.19484037,0.587979912,-1.374913994,4.09311921,1.726918677,8.435865964,4.021939942,0.00688495,549.1207105,105.5701267,-62.47025685,0.203729602,0.165796787
8/31/2010,678.2680181,4.174699299,2953.845311,1,2.981194369,2.74993007,2.321168561,0.991343056,1.664361768,-2.834787478,3.14135419,607.3777117,5.176400534,2371.873641,0.193898377,3.181682942,3.14135419,4.223349286,1.781167309,1.546180808,-3.891274649,0.39142412,581.9716706,-26.50036286,-70.89030643,-0.11818096,-1.056487171
9/30/2010,620.6324221,4.103345031,2950.669549,1,2.541127625,2.354965618,2.380152417,1.014688844,4.984511363,0.80356369,2.710879919,553.0930579,5.217124268,2386.413825,0.183766028,2.528072092,2.710879919,4.3301186,1.829452616,2.226221847,-2.937630689,0.3559143,564.2557248,-176.4257007,-67.53936422,-2.758289516,-3.741194379
10/29/2010,569.4562302,4.082944514,2931.843455,1,-1.132685884,-0.543214961,2.353192766,1.009176902,3.91007817,-1.25778739,-0.805890659,525.1984979,5.395274861,2396.487762,0.173803859,-1.51394612,-0.805890659,4.264562938,1.814709229,1.792491186,-4.640353261,-0.262675698,535.3556929,-91.71887445,-44.25773231,-2.117586984,-3.382565871
11/30/2010,604.3490347,4.26715382,2932.882933,1,1.771799004,3.29385382,2.394886612,1.042417714,4.80112964,-2.486357123,2.761171687,553.0866145,5.307152527,2417.954476,0.169332885,1.076339613,2.761171687,4.310464118,1.864816466,2.847522048,-5.949994582,-0.532682134,514.928457,-125.1248459,-51.26242022,-1.953607592,-3.463637459
12/31/2010,521.2832102,4.235809377,2939.060926,1,2.159693848,1.95241706,2.446608831,1.062770055,5.687315143,-1.910238967,2.195612047,492.0840523,5.208608551,2362.774664,0.167636097,2.146548834,2.195612047,4.402990335,1.905760601,4.950438045,-4.43862828,0.243194986,576.2862624,-172.1016471,-29.19915789,-0.736877098,-2.528389312
1/31/2011,486.3465643,4.227993114,2907.949731,1,1.28842452,1.412256124,2.478131539,1.077779091,6.792807698,-0.560981974,1.65112092,452.4945863,5.214221563,2348.117809,0.163281659,1.685269815,1.65112092,4.477192602,1.937227013,6.126290506,-2.776067935,0.238864796,559.8319214,-151.6731624,-33.85197796,-0.666517192,-2.21508596
2/28/2011,459.2682431,4.150247779,2913.04832,1,0.32912682,0.398399199,2.486287735,1.082072954,6.305683508,-0.531196408,0.628140853,426.9313839,5.214761357,2323.379446,0.161296818,0.564006053,0.628140853,4.50244424,1.949395527,5.869221197,-2.260000634,0.229741654,589.6688736,-114.8664864,-32.33685925,-0.43646231,-1.728804226
3/31/2011,462.8621102,4.214775884,2908.298579,1,1.529478246,0.500019125,2.524314965,1.087483526,5.784094642,-1.05278458,0.615820136,415.7137497,5.324452661,2285.070402,0.154526665,1.718752871,0.615820136,4.579830129,1.961400297,5.24178857,-3.089452886,0.115801011,623.2281768,-114.1731001,-47.14836049,-0.542306072,-2.036668306
4/29/2011,454.9557685,4.193916073,2900.196324,1,0.511658823,-0.767614918,2.537230845,1.07913584,3.894227032,-2.509739384,-0.094455581,409.5398366,5.372295,2310.593128,0.150264737,1.404942851,-0.094455581,4.644174125,1.959547645,3.340140096,-4.946455589,0.673159337,589.6031961,-121.4187195,-45.41593184,-0.554086936,-2.436716205
5/31/2011,487.157411,4.24384053,2855.894237,1,-0.980476592,-0.792007868,2.512353891,1.070588999,7.027746862,0.427337814,-0.758937472,421.5800348,5.400947119,2294.460835,0.148416117,-1.121618102,-0.758937472,4.592084228,1.944675904,6.256037199,-2.355267172,0.033070396,561.4334017,-161.0141749,-65.57737627,-0.771709662,-2.782604986
6/30/2011,519.7648211,4.41157738,2856.988948,1,1.134424495,-0.467428914,2.540854649,1.065584756,7.813713452,2.136080807,-0.937436337,467.3539041,5.314358801,2336.036726,0.140151994,0.856254636,-0.937436337,4.631404162,1.926445805,7.754320764,-0.03297855,-0.470007423,520.952221,-92.40405854,-52.41091696,-0.059392687,-2.169059357
7/29/2011,533.9996922,4.289105421,2848.448666,1,-3.988077792,-5.965628762,2.439523389,1.002015926,13.61653371,9.878368441,-6.751889716,486.8757693,5.339276682,2315.510515,0.138074049,-4.167092626,-6.751889716,4.43840926,1.796374309,14.83746306,9.556691163,-0.786260954,532.938151,-58.212782,-47.12392295,1.220929349,-0.321677277
8/31/2011,704.7683809,4.495342935,2839.90722,1,-3.267941006,-3.8697328,2.359801203,0.963240587,19.07809228,15.97115406,-4.704871994,668.6867696,5.323101583,2349.719179,0.134552546,-3.374167404,-4.704871994,4.288649902,1.711857197,20.89636808,17.21819586,-0.835139194,490.1880406,129.5813997,-36.08161136,1.818275799,1.247041797
9/30/2011,797.0581228,4.49443388,2794.301844,1,5.889910595,6.18764708,2.498791384,1.022842515,13.41138781,10.32273293,3.730034111,766.6757059,5.307132739,2294.270873,0.133517564,3.214688724,3.730034111,4.426516647,1.775710055,19.94635223,15.90003584,-2.457612969,500.0309712,248.1307778,-30.3824169,6.534964421,5.57730291
10/31/2011,661.1751047,4.235563288,2794.383564,1,-2.144514415,-2.577025511,2.445204443,0.996483602,16.7811106,13.61801835,-2.546009412,630.9399844,5.109905718,2309.710189,0.129634059,-1.931807804,-2.546009412,4.341004853,1.73050031,23.01331501,18.98718,0.031016099,484.6733747,124.265056,-30.23512029,6.232204405,5.369161658
11/30/2011,729.4738806,4.266959857,2804.1802,1,2.644514266,2.008651687,2.509868223,1.016499487,15.52567181,13.38317115,1.349880001,687.8591672,4.983385561,2406.105998,0.129585781,2.123947904,1.349880001,4.433205534,1.753859987,22.16861634,19.57142284,-0.658771685,398.0742022,186.2795995,-41.61471348,6.642944527,6.188251691
12/30/2011,693.3848573,4.160250626,2765.702187,1,3.023543693,2.554759837,2.585755186,1.042468608,13.62466079,12.59813051,3.83787675,687.3195471,4.954714154,2348.822471,0.12703882,4.235132081,3.83787675,4.620957644,1.821170972,19.4413693,18.30872119,1.283116913,416.8797163,188.5742648,-6.065310232,5.816708509,5.710590682
1/31/2012,638.0197267,4.025051718,2779.427373,1,2.347904545,2.807215132,2.646466249,1.071732944,11.57271201,9.563391324,3.419629677,606.9677355,4.990844715,2298.995226,0.126943941,2.824539712,3.419629677,4.751478428,1.883448275,16.98835671,14.56807937,0.612414545,480.4321478,164.0262065,-31.0519912,5.415644703,5.004688044
2/29/2012,574.1347295,3.939940045,2770.449938,1,-0.128513968,0.428472134,2.64306517,1.076325021,12.84985225,10.0498897,1.162277787,525.631055,5.042527478,2378.957892,0.127234669,0.320410245,1.162277787,4.766702651,1.905339176,18.09227486,14.53796891,0.733805653,391.4920464,104.9266784,-48.50367455,5.242422614,4.488079206
3/30/2012,577.0352103,4.060183213,2769.63537,1,1.031323832,-0.026976469,2.670323731,1.076034667,13.59626224,11.35986721,-0.238037231,540.75565,5.068387071,2390.451764,0.122904316,1.115917943,-0.238037231,4.819895142,1.900803759,18.9734065,15.91825023,-0.211060762,379.1836059,122.6896699,-36.27956022,5.377144267,4.558383017
4/30/2012,576.3744879,4.102610199,2744.612762,1,-1.284014988,-2.228768722,2.636036375,1.052052343,14.42994184,14.56941325,-2.008848509,526.8266778,5.256055514,2285.146434,0.127396347,-0.427376397,-2.008848509,4.799296047,1.862619491,19.66471395,20.54882446,0.219920212,459.4663283,149.3963885,-49.54781007,5.234772108,5.979411216
5/31/2012,648.1715859,4.182791661,2703.710456,1,2.006018894,2.196819218,2.688915762,1.075164031,9.214917198,10.19494878,1.946403958,557.9971682,5.219018699,2065.200732,0.126542381,1.668383799,1.946403958,4.879366725,1.898873591,13.73991004,15.71877713,-0.25041526,638.5097248,209.6751049,-90.17441771,4.524992843,5.523828349
6/29/2012,612.1688796,4.031204147,2763.0124,1,1.877113013,1.226089873,2.73938975,1.088346508,9.202486242,10.86450578,1.418572612,533.9804057,5.031173395,2149.727154,0.117073661,2.278397535,1.418572612,4.990538096,1.925810492,12.72039766,15.78706463,0.192482739,613.2852459,124.0481037,-78.18847391,3.517911423,4.922558843
7/31/2012,592.2124742,3.91379641,2770.418069,1,1.179538732,1.162519723,2.771701913,1.100998751,7.272101409,9.457861563,2.193246051,520.1741283,5.013809967,2169.209337,0.116724765,2.132405292,2.193246051,5.096956595,1.968048254,9.730680294,13.21078428,1.030726328,601.2087318,148.2315332,-72.03834593,2.458578885,3.752922719
8/31/2012,575.1869812,3.905859673,2810.253492,1,1.381979114,1.460716839,2.810006255,1.117081225,6.845700378,8.064846679,1.959294864,486.5404496,5.123254129,2174.630757,0.114605899,1.723879235,1.959294864,5.184821971,2.006608123,9.155982459,11.50619055,0.498578025,635.6227354,126.7496232,-88.64653163,2.310282081,3.441343869
9/28/2012,548.927345,3.93741065,2803.778717,1,0.850807105,1.015735549,2.833913988,1.128427816,8.531014586,9.134133069,2.563553242,460.7796888,5.098531218,2160.046486,0.112135474,2.403617289,2.563553242,5.309445249,2.05804859,9.375633454,10.98371041,1.547817692,643.732231,90.40323836,-88.14765625,0.844618867,1.849577343
10/31/2012,536.9100487,4.000403136,2819.029318,1,0.763005428,0.332950503,2.855536905,1.132184922,8.260433187,9.54657602,0.049800984,439.7740648,5.174497107,2116.197537,0.11223483,0.575742361,0.049800984,5.340013974,2.059073519,9.483577414,12.15383535,-0.283149519,702.831781,125.6795333,-97.13598385,1.223144226,2.607259333
11/30/2012,543.1942811,4.036822369,2850.286925,1,1.54104895,1.797800927,2.899542127,1.152539353,7.175545683,9.102490544,1.847521359,461.4598189,5.370827237,2187.024429,0.104636935,1.422690783,1.847521359,5.415985861,2.097115342,8.554615982,11.83099965,0.049720432,663.2624961,142.069688,-81.73446224,1.379070298,2.72850911
12/31/2012,504.8105926,4.046372877,2814.973006,1,1.3282591,1.844692782,2.938055559,1.173800163,6.507785815,6.713091122,2.741324955,441.3346788,5.423556114,2096.30143,0.113781075,1.90822552,2.741324955,5.519335085,2.154604088,7.418692776,8.063584724,0.896632173,718.6715755,112.9031779,-63.47591378,0.910906961,1.350493602
1/31/2013,473.9935201,4.021848632,2821.523745,1,0.499602807,0.036360206,2.952734167,1.174226959,8.085112382,8.538183658,0.149745694,402.3588268,5.389294245,2105.255729,0.110083138,0.712793239,0.149745694,5.558676532,2.157830515,9.291532542,10.20762491,0.113385489,716.2680156,74.276173,-71.63469337,1.20642016,1.669441253
2/28/2013,469.2080511,3.996025631,2825.636614,1,1.014685755,0.874408392,2.98269514,1.184494499,7.253359692,8.230972708,1.135690601,400.1233376,5.33524557,2117.08484,0.108591506,1.267047368,1.135690601,5.629107597,2.182336793,8.381969292,9.702020134,0.26128221,708.5517743,107.4809594,-69.08471346,1.1286096,1.471047426
3/28/2013,454.3455404,3.938804575,2810.372322,1,1.699563867,1.163051189,3.033387949,1.198270776,6.129613259,7.233093573,0.964180472,386.9883006,5.402428561,2083.286593,0.115892531,1.870382491,0.964180472,5.73439344,2.203378458,7.827262452,9.457963326,-0.198870718,727.0857292,99.4802563,-67.35723976,1.697649193,2.224869753
4/30/2013,426.9780994,3.855331276,2829.502329,1,-0.559541295,0.589133956,3.01641489,1.205330196,7.674657994,6.754076479,1.905593786,383.8917087,5.572359761,2072.274626,0.110628099,0.151200768,1.905593786,5.743063887,2.245365901,9.329183304,7.921594948,1.31645983,757.2277024,89.86401217,-43.08639068,1.65452531,1.167518469
5/31/2013,438.496481,4.034578456,2837.847551,1,-2.642798485,-1.70523755,2.936697123,1.184776453,11.51238369,9.655639887,-2.138297481,372.2409115,5.488676133,2144.331608,0.106234089,-3.365391137,-2.138297481,5.549787324,2.197353299,14.36824872,11.65803654,-0.43305993,693.5159436,88.52372987,-66.25556944,2.85586502,2.00239665
6/28/2013,488.1207759,4.361287528,2803.177328,1,1.865517253,1.841151072,2.991481715,1.206589977,8.013599616,6.478520312,1.478421329,419.7530896,5.250036985,2049.270746,0.110714116,1.361620898,1.478421329,5.625354388,2.229839438,11.89930434,9.266017059,-0.362729743,753.9065818,152.3756771,-68.36768629,3.885704721,2.787496747
7/31/2013,443.980941,4.187968044,2800.365788,1,-0.60902354,-0.121026104,2.973262887,1.205129688,10.37811524,7.418486554,-0.080569699,392.4112715,5.279570919,2041.576447,0.111633832,-0.576483538,-0.080569699,5.592925146,2.228042864,14.3271526,9.748293603,0.040456405,758.7893404,59.34654367,-51.56966952,3.949037366,2.32980705
8/30/2013,448.437358,4.204632909,2785.123396,1,0.978991013,0.169477575,3.002370863,1.207172113,7.055437654,5.468511132,0.424112715,394.9815021,5.286118989,2011.283625,0.113365435,1.191115809,0.424112715,5.659543361,2.237492277,11.38009406,8.413882744,0.25463514,773.8397711,87.36631856,-53.45585592,4.324656403,2.945371611
9/30/2013,458.5241067,4.155574121,2793.880475,1,2.441561787,2.015271981,3.075675603,1.231499914,5.712568189,3.720613176,2.082975267,393.3403934,5.411484229,1967.93548,0.11260982,2.609680722,2.082975267,5.807239373,2.284098687,10.15146909,6.626903983,0.067703286,825.9449945,35.4506113,-65.18371326,4.438900904,2.906290807
10/31/2013,411.2305154,4.083488804,2764.115371,1,0.511790648,0.712131764,3.091416623,1.240269816,4.389212959,1.579596424,1.104647384,361.6934608,5.479865084,1947.29237,0.109832575,0.675001616,1.104647384,5.846438333,2.309329924,9.17689777,4.28815631,0.39251562,816.8230005,-1.128335164,-49.53705463,4.787684811,2.708559886
11/27/2013,401.1245931,4.072103805,2760.914492,1,0.523496998,1.38512783,3.107600096,1.257449139,2.341404563,-1.098682555,1.554352466,350.2619464,5.508749983,1950.562186,0.107798091,0.562125479,1.554352466,5.879302653,2.34522505,7.430876768,1.408725722,0.169224637,810.3523066,-44.08305071,-50.86264674,5.089472205,2.507408277
12/31/2013,391.9074146,4.131843568,2739.433512,1,0.696930895,-0.385757218,3.129257922,1.252598438,2.296031081,-1.980820867,-0.71987277,326.7309558,5.567000318,1891.510974,0.112256026,0.841850616,-0.71987277,5.928797598,2.328342414,8.627053782,1.607895249,-0.334115552,847.922538,-88.63389035,-65.17645886,6.331022701,3.588716117
1/31/2014,399.7173471,4.051602647,2753.732914,1,1.987951214,1.747261955,3.191466042,1.274484614,2.721604826,-0.357191982,2.136771019,345.9685082,5.548284955,1957.545961,0.109893173,2.468715968,2.136771019,6.075162771,2.37809376,8.105977093,2.924084684,0.389509064,796.1869534,-105.5421612,-53.74883889,5.384372267,3.281276666
2/28/2014,361.7270917,3.948245827,2761.464978,1,0.237342467,0.588889307,3.199040747,1.281989917,1.917461204,-2.0179017,0.67170557,317.2941912,5.702546563,1919.112256,0.108335502,0.424266756,0.67170557,6.100937667,2.394067548,7.415837175,1.371051276,0.082816263,842.3527219,-65.2934122,-44.43290059,5.498375971,3.388952975
3/31/2014,354.8652841,3.939677284,2746.06236,1,0.634007297,0.230337609,3.219322898,1.284942822,2.457431154,-0.929285889,0.739562952,305.4223243,5.645085115,1898.639182,0.108525081,1.349002428,0.739562952,6.183239464,2.411773185,6.974319956,2.085034916,0.509225343,847.4231779,-106.0066345,-49.44295972,4.516888802,3.014320805
4/30/2014,337.1140872,3.940175629,2776.774442,1,0.888122108,0.139795855,3.247914417,1.286739119,1.861344005,-0.776898216,0.475231599,296.1040851,5.694207794,1925.024475,0.108122956,1.54620212,0.475231599,6.278844844,2.423234693,5.604522696,2.022012873,0.335435744,851.7499668,-98.90154204,-41.01000209,3.743178691,2.798911089
5/30/2014,349.9727511,3.970637565,2722.728172,1,0.827193817,0.966402685,3.274780964,1.299174201,-0.467037807,-2.68686942,1.249852366,293.4091132,5.776810347,1855.389421,0.112761153,1.08857166,1.249852366,6.34719457,2.453521549,2.91127268,0.152320012,0.283449681,867.3387507,-78.49636203,-56.56363788,3.378310487,2.839189432
6/30/2014,335.7450988,4.000518311,2713.441446,1,-1.330589207,-1.109554565,3.231207082,1.284759154,0.307531951,-2.694129195,-0.695523046,278.9866078,5.799633879,1844.19266,0.110676185,-0.82654065,-0.695523046,6.294732426,2.436456741,2.964186776,-0.85571536,0.414031518,869.2487865,-131.431445,-56.758491,2.656654826,1.838413835
7/31/2014,384.6343974,4.229154188,2705.153486,1,1.566735043,0.760680962,3.281831536,1.294532072,-2.952129926,-5.140046994,0.360453035,299.9269422,5.750792894,1837.071891,0.110997978,1.580681009,0.360453035,6.394232066,2.445239024,0.077856029,-2.468266011,-0.400227927,868.0815948,-124.5704037,-84.70745515,3.029985955,2.671780983
8/29/2014,361.0710394,4.037438092,2704.904334,1,-2.0607477,-1.648906071,3.214201268,1.273186454,-3.485757913,-6.868274413,-0.796927013,295.6214426,5.835369497,1814.321909,0.10883508,-1.417329656,-0.796927013,6.303604719,2.425752253,-1.009897078,-5.033812984,0.851979058,890.5824248,-182.6759278,-65.44959681,2.475860835,1.834461429
9/30/2014,423.0734954,4.312207048,2706.160209,1,1.156567318,0.32460352,3.251375669,1.277319262,-2.01213684,-4.318839814,0.40034843,331.5865224,5.817928566,1810.052867,0.108845696,1.47780149,0.40034843,6.396759484,2.435463714,-0.111161453,-2.8094984,0.07574491,896.1073427,-200.6614067,-91.48697292,1.900975386,1.509341414
10/31/2014,412.3588505,4.194772871,2648.940808,1,-0.74645902,-1.366783454,3.227105482,1.259861074,-3.456033963,-4.81463601,-1.112975466,320.1667623,5.805055259,1736.891162,0.111675716,-0.215726127,-1.112975466,6.382960002,2.408357601,-1.865041501,-3.288233414,0.253807988,912.0496461,-143.5976336,-92.19208824,1.590992463,1.526402596
11/26/2014,445.2076439,4.212124924,2635.436145,1,-1.448477456,-1.288023731,3.180361587,1.243633764,-4.55149937,-5.877499579,-1.249596891,341.7465021,5.761196335,1693.225863,0.110964439,-1.04612303,-1.249596891,6.316186388,2.378262839,-3.944873589,-5.000224794,0.03842684,942.2102822,-155.3204062,-103.4611418,0.606625781,0.877274785
12/31/2014,480.541305,4.319013861,2613.58893,1,0.652286497,-1.274254381,3.201106656,1.227786707,-6.665538147,-7.856675931,-0.524883869,369.0120579,5.630171601,1668.451577,0.11187659,1.964662859,-0.524883869,6.440278156,2.365779721,-7.771189481,-8.35180167,0.749370512,945.1373532,-171.9914571,-111.5292471,-1.105651333,-0.495125739
1/30/2015,505.2595083,4.19188971,2604.096867,1,2.41224328,3.432644295,3.278325136,1.269932257,-8.398919299,-10.98300788,3.459811306,383.935144,5.727201613,1674.763851,0.112555226,1.977180412,3.459811306,6.567614074,2.447631235,-7.977638167,-10.5903925,0.02716701,929.3330154,-222.3354473,-121.3243643,0.421281132,0.392615386
2/27/2015,427.0205039,4.068677296,2578.28293,1,-0.547353409,-1.087588396,3.260381112,1.256120621,-4.057787381,-6.4252079,-0.847341429,329.7815698,5.787009402,1699.653178,0.114065959,-0.216833738,-0.847341429,6.553373271,2.426891442,-2.091544003,-4.410684878,0.240246967,878.6297525,-291.2827083,-97.23893414,1.966243377,2.014523022
3/31/2015,460.8719186,4.125610026,2575.172725,1,1.167177367,1.343932154,3.298435542,1.27300203,-1.601720304,-4.172820447,1.44909885,352.7613253,5.82894334,1715.58639,0.111381192,0.932422053,1.44909885,6.614478368,2.462059498,2.43210938,-0.436866456,0.105166696,859.5863355,-184.5825632,-108.1105933,4.033829684,3.73595399
4/30/2015,436.0156292,4.154136358,2583.940988,1,0.301165044,0.293827959,3.308369277,1.276742466,-1.29100112,-3.762626135,0.413203365,352.1639065,5.876503844,1672.362541,0.115445986,0.245911456,0.413203365,6.630744128,2.47223281,2.158463337,-0.874908375,0.119375407,911.5784471,-135.648305,-83.85172271,3.449464457,2.887717759
5/29/2015,428.4691131,4.170930074,2568.133229,1,-1.477549033,-0.97712577,3.259486499,1.264267086,1.1313603,-3.377306324,-0.605689598,348.8344172,5.832146959,1680.555206,0.113066776,-1.489507292,-0.605689598,6.531978711,2.457258753,6.509145778,0.337580194,0.371436172,887.5780234,-139.0357192,-79.63469596,5.377785478,3.714886518
6/30/2015,467.1765439,4.355397572,2560.615396,1,-0.562739643,-1.116932011,3.241144076,1.250146082,4.426047195,0.232775821,-1.695024859,370.5360525,5.726302669,1688.809204,0.112861169,-0.775548432,-1.695024859,6.481320053,2.415607607,10.45788903,4.714187596,-0.578092848,871.8061912,-123.057318,-96.64049134,6.031841838,4.481411775
7/31/2015,509.204801,4.238876262,2596.340767,1,-1.733846755,-1.772078274,3.184947605,1.227992515,8.461721946,4.585877901,-1.271878213,409.1685613,5.748131723,1685.927413,0.111200847,-1.266866785,-1.271878213,6.399210362,2.38488402,14.64755839,9.302444943,0.500200061,910.4133537,-23.47241596,-100.0362397,6.18583644,4.716567042
8/31/2015,543.7469672,4.26786799,2594.817773,1,-2.599277046,-3.440737628,3.102161993,1.185740515,12.11097674,8.909945059,-3.406438125,444.4210166,5.600595851,1690.301529,0.110616391,-2.488831487,-3.406438125,6.239944799,2.303644421,18.77171483,14.39986958,0.034299503,904.5162438,55.33765699,-99.32595062,6.66073809,5.489924516
9/30/2015,623.7349021,4.340316716,2593.060243,1,2.701069416,3.07093957,3.185953542,1.222153889,-100,-100,2.75194289,520.9118525,5.418035907,1717.487824,0.108674924,2.399123043,2.75194289,6.389648753,2.3670394,-100,-100,-0.31899668,875.5724191,623.7349021,-102.8230496,0,0
10/30/2015,555.9564841,4.171082556,2588.539015,1,-2.2090065,-1.87787648,3.115575621,1.199203349,-100,-100,-1.600067109,476.1887316,5.419470322,1741.916297,0.106058515,-1.967770195,-1.600067109,6.263915149,2.329165181,-100,-100,0.27780937,846.6227179,555.9564841,-79.76775251,0,0
11/30/2015,600.5280501,4.242797903,2584.004245,1,-2.566722212,-2.390266334,3.035607449,1.170539195,-100,-100,-2.997676208,534.5403994,5.399429535,1728.132055,0.109371376,-3.143310941,-2.997676208,6.067020819,2.259344351,-100,-100,-0.607409873,855.8721895,600.5280501,-65.98765062,0,0
12/31/2015,652.5327621,4.326900399,2557.900386,1,-1.577008204,-3.350226229,2.987735671,1.131323484,-100,-100,-4.034350058,602.2528814,5.326499419,1766.277994,0.11318155,-2.097056951,-4.034350058,5.939791937,2.168194491,-100,-100,-0.684123829,791.622392,652.5327621,-50.27988068,0,0
1/29/2016,727.5949556,4.253148685,2562.151866,1,0.510272147,-0.076723136,3.002981254,1.130455497,-100,-100,0.932711062,704.6250522,5.275050945,1804.071709,0.109464348,1.748910582,0.932711062,6.043673587,2.188417481,-100,-100,1.009434198,758.0801576,727.5949556,-22.96990344,0,0
2/29/2016,718.3032122,4.163840123,2616.896943,1,4.165877648,3.976871512,3.128081779,1.17541226,-100,-100,6.00577488,699.9279652,5.369823328,1948.902925,0.111541643,6.165670481,6.00577488,6.416306585,2.319848908,-100,-100,2.028903369,667.9940187,718.3032122,-18.37524701,0,0
3/31/2016,645.4544818,4.159697236,2657.777269,1,3.757000625,3.783326313,3.245603831,1.219881941,-100,-100,5.666518939,606.9160599,5.622136112,1794.861758,0.132142385,5.5957914,5.666518939,6.775349717,2.451303586,-100,-100,1.883192626,862.9155108,645.4544818,-38.53842184,0,0
4/29/2016,571.6639342,4.13500226,2677.043154,1,0.617893102,0.723142042,3.265658193,1.22870342,-100,-100,-0.028578555,519.3497698,5.812145399,1824.839278,0.1369806,-0.021894187,-0.028578555,6.773866309,2.450603038,-100,-100,-0.751720597,852.2038761,571.6639342,-52.31416445,0,0
5/31/2016,567.5048323,4.148875891,2705.352826,1,0.940234421,-0.58065324,3.296363035,1.221568914,-100,-100,0.61009203,521.7206746,5.736896296,1921.431624,0.1346803,2.705816883,0.61009203,6.957154728,2.465553972,-100,-100,1.190745269,783.9212016,567.5048323,-45.78415767,0,0
6/30/2016,590.2338619,4.21891831,2680.96873,1,2.676756371,2.577603761,3.384598643,1.25305612,-100,-100,2.592922699,520.9046236,5.836825522,1883.03377,0.134030888,2.903120484,2.592922699,7.159129312,2.529483881,-100,-100,0.015318937,797.9349599,590.2338619,-69.32923827,0,0
7/29/2016,532.677217,4.047761683,2661.153306,1,2.063771216,2.49395314,3.454449015,1.284306753,-100,-100,3.054087929,485.7475678,5.964610021,1897.559048,0.130092285,2.478082407,3.054087929,7.336538436,2.606736543,-100,-100,0.560134789,763.5942585,532.677217,-46.92964916,0,0
8/31/2016,488.4093102,3.978632937,2680.608397,1,0.677824304,0.551471871,3.47786411,1.291389343,-100,-100,1.098295524,439.6540507,6.015456124,1898.293817,0.131294736,1.018886601,1.098295524,7.411289443,2.635366213,-100,-100,0.546823653,782.31458,488.4093102,-48.75525948,0,0
,,,,,,,,,,,0,,,,,,,,,,,,,,,,
